timestamp,raw_data_hex,parsed_value,data_type
2025-07-21T10:52:05.625783,54696d655374616d703a206c64,TimeStamp: ld,ascii
2025-07-21T10:52:05.625783,54696d655374616d703a206c64,1701669204,int32
2025-07-21T10:52:05.625783,54696d655374616d703a206c64,26964,int16
2025-07-21T10:52:05.638104,0d0a,2573,int16
2025-07-21T10:52:06.132645,54696d655374616d703a206c640d0a,TimeStamp: ld,ascii
2025-07-21T10:52:06.132645,54696d655374616d703a206c640d0a,1701669204,int32
2025-07-21T10:52:06.132645,54696d655374616d703a206c640d0a,26964,int16
2025-07-21T10:52:06.630740,54696d655374616d703a206c640d0a,TimeStamp: ld,ascii
2025-07-21T10:52:06.630740,54696d655374616d703a206c640d0a,1701669204,int32
2025-07-21T10:52:06.630740,54696d655374616d703a206c640d0a,26964,int16
2025-07-21T10:52:06.660604,54454d503a202b32372e37310d0a,TEMP: +27.71,ascii
2025-07-21T10:52:06.660604,54454d503a202b32372e37310d0a,1347241300,int32
2025-07-21T10:52:06.660604,54454d503a202b32372e37310d0a,17748,int16
2025-07-21T10:52:07.139646,54696d655374616d703a206c640d0a50524553533a20313031322e39300d0a4143435f583a202d32312c204143435f593a202d3234392c204143435f5a3a202d313030370d0a4759525f583a202d31333233302c204759525f593a202d343930302c204759525f5a3a202d31353534300d0a4d41475f583a203130332c204d41475f593a2031392c204d41475f5a3a202d3734370d0a515641523a20312e36350d0a,"TimeStamp: ld
PRESS: 1012.90
ACC_X: -21, ACC_Y: -249, ACC_Z: -1007
GYR_X: -13230, GYR_Y: -4900, GYR_Z: -15540
MAG_X: 103, MAG_Y: 19, MAG_Z: -747
QVAR: 1.65",ascii
2025-07-21T10:52:07.139646,54696d655374616d703a206c640d0a50524553533a20313031322e39300d0a4143435f583a202d32312c204143435f593a202d3234392c204143435f5a3a202d313030370d0a4759525f583a202d31333233302c204759525f593a202d343930302c204759525f5a3a202d31353534300d0a4d41475f583a203130332c204d41475f593a2031392c204d41475f5a3a202d3734370d0a515641523a20312e36350d0a,1701669204,int32
2025-07-21T10:52:07.139646,54696d655374616d703a206c640d0a50524553533a20313031322e39300d0a4143435f583a202d32312c204143435f593a202d3234392c204143435f5a3a202d313030370d0a4759525f583a202d31333233302c204759525f593a202d343930302c204759525f5a3a202d31353534300d0a4d41475f583a203130332c204d41475f593a2031392c204d41475f5a3a202d3734370d0a515641523a20312e36350d0a,26964,int16
2025-07-21T10:52:07.633362,54696d655374616d703a206c640d0a54454d503a202b32362e37360d0a4143435f583a202d33302c204143435f593a202d3136382c204143435f5a3a202d313030330d0a4759525f583a202d33303934302c204759525f593a202d373238302c204759525f5a3a20393539300d0a4d41475f583a2035312c204d41475f593a2039302c204d41475f5a3a202d3732330d0a515641523a20312e34360d0a,"TimeStamp: ld
TEMP: +26.76
ACC_X: -30, ACC_Y: -168, ACC_Z: -1003
GYR_X: -30940, GYR_Y: -7280, GYR_Z: 9590
MAG_X: 51, MAG_Y: 90, MAG_Z: -723
QVAR: 1.46",ascii
2025-07-21T10:52:07.633362,54696d655374616d703a206c640d0a54454d503a202b32362e37360d0a4143435f583a202d33302c204143435f593a202d3136382c204143435f5a3a202d313030330d0a4759525f583a202d33303934302c204759525f593a202d373238302c204759525f5a3a20393539300d0a4d41475f583a2035312c204d41475f593a2039302c204d41475f5a3a202d3732330d0a515641523a20312e34360d0a,1701669204,int32
2025-07-21T10:52:07.633362,54696d655374616d703a206c640d0a54454d503a202b32362e37360d0a4143435f583a202d33302c204143435f593a202d3136382c204143435f5a3a202d313030330d0a4759525f583a202d33303934302c204759525f593a202d373238302c204759525f5a3a20393539300d0a4d41475f583a2035312c204d41475f593a2039302c204d41475f5a3a202d3732330d0a515641523a20312e34360d0a,26964,int16
2025-07-21T10:52:08.144880,54696d655374616d703a206c640d0a50524553533a20313031322e39300d0a4143435f583a202d3133342c204143435f593a203332312c204143435f5a3a202d3935380d0a4759525f583a202d38323138302c204759525f593a202d31393131302c204759525f5a3a202d323532300d0a4d41475f583a202d3134312c204d41475f593a203131342c204d41475f5a3a202d3634380d0a515641523a20312e31320d0a,"TimeStamp: ld
PRESS: 1012.90
ACC_X: -134, ACC_Y: 321, ACC_Z: -958
GYR_X: -82180, GYR_Y: -19110, GYR_Z: -2520
MAG_X: -141, MAG_Y: 114, MAG_Z: -648
QVAR: 1.12",ascii
2025-07-21T10:52:08.144880,54696d655374616d703a206c640d0a50524553533a20313031322e39300d0a4143435f583a202d3133342c204143435f593a203332312c204143435f5a3a202d3935380d0a4759525f583a202d38323138302c204759525f593a202d31393131302c204759525f5a3a202d323532300d0a4d41475f583a202d3134312c204d41475f593a203131342c204d41475f5a3a202d3634380d0a515641523a20312e31320d0a,1701669204,int32
2025-07-21T10:52:08.144880,54696d655374616d703a206c640d0a50524553533a20313031322e39300d0a4143435f583a202d3133342c204143435f593a203332312c204143435f5a3a202d3935380d0a4759525f583a202d38323138302c204759525f593a202d31393131302c204759525f5a3a202d323532300d0a4d41475f583a202d3134312c204d41475f593a203131342c204d41475f5a3a202d3634380d0a515641523a20312e31320d0a,26964,int16
2025-07-21T10:52:08.637240,54696d655374616d703a206c640d0a,TimeStamp: ld,ascii
2025-07-21T10:52:08.637240,54696d655374616d703a206c640d0a,1701669204,int32
2025-07-21T10:52:08.637240,54696d655374616d703a206c640d0a,26964,int16
2025-07-21T10:52:08.652026,54454d503a202b32362e37350d0a4143435f583a202d3138382c204143435f593a203439392c204143435f5a3a202d3833390d0a4759525f583a202d32363436302c204759525f593a202d353838302c204759525f5a3a20353831300d0a4d41475f583a202d3330342c204d41475f593a2031362c204d41475f5a3a202d3538380d0a515641523a20302e38380d0a,"TEMP: +26.75
ACC_X: -188, ACC_Y: 499, ACC_Z: -839
GYR_X: -26460, GYR_Y: -5880, GYR_Z: 5810
MAG_X: -304, MAG_Y: 16, MAG_Z: -588
QVAR: 0.88",ascii
2025-07-21T10:52:08.652026,54454d503a202b32362e37350d0a4143435f583a202d3138382c204143435f593a203439392c204143435f5a3a202d3833390d0a4759525f583a202d32363436302c204759525f593a202d353838302c204759525f5a3a20353831300d0a4d41475f583a202d3330342c204d41475f593a2031362c204d41475f5a3a202d3538380d0a515641523a20302e38380d0a,1347241300,int32
2025-07-21T10:52:08.652026,54454d503a202b32362e37350d0a4143435f583a202d3138382c204143435f593a203439392c204143435f5a3a202d3833390d0a4759525f583a202d32363436302c204759525f593a202d353838302c204759525f5a3a20353831300d0a4d41475f583a202d3330342c204d41475f593a2031362c204d41475f5a3a202d3538380d0a515641523a20302e38380d0a,17748,int16
2025-07-21T10:52:09.142924,54696d655374616d703a206c640d0a50524553533a20313031322e38380d0a4143435f583a202d3131362c204143435f593a203230342c204143435f5a3a202d3938380d0a4759525f583a2035393433302c204759525f593a2032383134302c204759525f5a3a20323033300d0a4d41475f583a202d3137312c204d41475f593a203133332c204d41475f5a3a202d3639300d0a515641523a20302e37380d0a,"TimeStamp: ld
PRESS: 1012.88
ACC_X: -116, ACC_Y: 204, ACC_Z: -988
GYR_X: 59430, GYR_Y: 28140, GYR_Z: 2030
MAG_X: -171, MAG_Y: 133, MAG_Z: -690
QVAR: 0.78",ascii
2025-07-21T10:52:09.142924,54696d655374616d703a206c640d0a50524553533a20313031322e38380d0a4143435f583a202d3131362c204143435f593a203230342c204143435f5a3a202d3938380d0a4759525f583a2035393433302c204759525f593a2032383134302c204759525f5a3a20323033300d0a4d41475f583a202d3137312c204d41475f593a203133332c204d41475f5a3a202d3639300d0a515641523a20302e37380d0a,1701669204,int32
2025-07-21T10:52:09.142924,54696d655374616d703a206c640d0a50524553533a20313031322e38380d0a4143435f583a202d3131362c204143435f593a203230342c204143435f5a3a202d3938380d0a4759525f583a2035393433302c204759525f593a2032383134302c204759525f5a3a20323033300d0a4d41475f583a202d3137312c204d41475f593a203133332c204d41475f5a3a202d3639300d0a515641523a20302e37380d0a,26964,int16
2025-07-21T10:52:09.649287,54696d655374616d703a206c640d0a54454d503a202b32362e37350d0a4143435f583a202d362c204143435f593a202d38392c204143435f5a3a202d313031330d0a4759525f583a20353533302c204759525f593a20383631302c204759525f5a3a20323830300d0a4d41475f583a202d33332c204d41475f593a203233312c204d41475f5a3a202d3730360d0a515641523a20302e35300d0a,"TimeStamp: ld
TEMP: +26.75
ACC_X: -6, ACC_Y: -89, ACC_Z: -1013
GYR_X: 5530, GYR_Y: 8610, GYR_Z: 2800
MAG_X: -33, MAG_Y: 231, MAG_Z: -706
QVAR: 0.50",ascii
2025-07-21T10:52:09.649287,54696d655374616d703a206c640d0a54454d503a202b32362e37350d0a4143435f583a202d362c204143435f593a202d38392c204143435f5a3a202d313031330d0a4759525f583a20353533302c204759525f593a20383631302c204759525f5a3a20323830300d0a4d41475f583a202d33332c204d41475f593a203233312c204d41475f5a3a202d3730360d0a515641523a20302e35300d0a,1701669204,int32
2025-07-21T10:52:09.649287,54696d655374616d703a206c640d0a54454d503a202b32362e37350d0a4143435f583a202d362c204143435f593a202d38392c204143435f5a3a202d313031330d0a4759525f583a20353533302c204759525f593a20383631302c204759525f5a3a20323830300d0a4d41475f583a202d33332c204d41475f593a203233312c204d41475f5a3a202d3730360d0a515641523a20302e35300d0a,26964,int16
2025-07-21T10:52:10.146530,54696d655374616d703a206c640d0a50524553533a20313031322e38340d0a4143435f583a2039392c204143435f593a202d3332332c204143435f5a3a202d3938340d0a4759525f583a2032343135302c204759525f593a2031303731302c204759525f5a3a202d37300d0a4d41475f583a203131372c204d41475f593a202d32352c204d41475f5a3a202d3830380d0a515641523a20302e33370d0a,"TimeStamp: ld
PRESS: 1012.84
ACC_X: 99, ACC_Y: -323, ACC_Z: -984
GYR_X: 24150, GYR_Y: 10710, GYR_Z: -70
MAG_X: 117, MAG_Y: -25, MAG_Z: -808
QVAR: 0.37",ascii
2025-07-21T10:52:10.146530,54696d655374616d703a206c640d0a50524553533a20313031322e38340d0a4143435f583a2039392c204143435f593a202d3332332c204143435f5a3a202d3938340d0a4759525f583a2032343135302c204759525f593a2031303731302c204759525f5a3a202d37300d0a4d41475f583a203131372c204d41475f593a202d32352c204d41475f5a3a202d3830380d0a515641523a20302e33370d0a,1701669204,int32
2025-07-21T10:52:10.146530,54696d655374616d703a206c640d0a50524553533a20313031322e38340d0a4143435f583a2039392c204143435f593a202d3332332c204143435f5a3a202d3938340d0a4759525f583a2032343135302c204759525f593a2031303731302c204759525f5a3a202d37300d0a4d41475f583a203131372c204d41475f593a202d32352c204d41475f5a3a202d3830380d0a515641523a20302e33370d0a,26964,int16
2025-07-21T10:52:10.655974,54696d655374616d703a206c640d0a54454d503a202b32362e37360d0a4143435f583a203133342c204143435f593a202d3336362c204143435f5a3a202d3934350d0a4759525f583a2031313632302c204759525f593a202d323733302c204759525f5a3a20393435300d0a4d41475f583a203139322c204d41475f593a202d3136352c204d41475f5a3a202d3837390d0a515641523a20302e33390d0a,"TimeStamp: ld
TEMP: +26.76
ACC_X: 134, ACC_Y: -366, ACC_Z: -945
GYR_X: 11620, GYR_Y: -2730, GYR_Z: 9450
MAG_X: 192, MAG_Y: -165, MAG_Z: -879
QVAR: 0.39",ascii
2025-07-21T10:52:10.655974,54696d655374616d703a206c640d0a54454d503a202b32362e37360d0a4143435f583a203133342c204143435f593a202d3336362c204143435f5a3a202d3934350d0a4759525f583a2031313632302c204759525f593a202d323733302c204759525f5a3a20393435300d0a4d41475f583a203139322c204d41475f593a202d3136352c204d41475f5a3a202d3837390d0a515641523a20302e33390d0a,1701669204,int32
2025-07-21T10:52:10.655974,54696d655374616d703a206c640d0a54454d503a202b32362e37360d0a4143435f583a203133342c204143435f593a202d3336362c204143435f5a3a202d3934350d0a4759525f583a2031313632302c204759525f593a202d323733302c204759525f5a3a20393435300d0a4d41475f583a203139322c204d41475f593a202d3136352c204d41475f5a3a202d3837390d0a515641523a20302e33390d0a,26964,int16
2025-07-21T10:52:11.152255,54696d655374616d703a206c640d0a50524553533a20313031322e38340d0a4143435f583a203135302c204143435f593a202d3432362c204143435f5a3a202d3839330d0a4759525f583a203536302c204759525f593a202d323636302c204759525f5a3a20313437300d0a4d41475f583a203233352c204d41475f593a202d3139302c204d41475f5a3a202d3931380d0a515641523a20302e33320d0a,"TimeStamp: ld
PRESS: 1012.84
ACC_X: 150, ACC_Y: -426, ACC_Z: -893
GYR_X: 560, GYR_Y: -2660, GYR_Z: 1470
MAG_X: 235, MAG_Y: -190, MAG_Z: -918
QVAR: 0.32",ascii
2025-07-21T10:52:11.152255,54696d655374616d703a206c640d0a50524553533a20313031322e38340d0a4143435f583a203135302c204143435f593a202d3432362c204143435f5a3a202d3839330d0a4759525f583a203536302c204759525f593a202d323636302c204759525f5a3a20313437300d0a4d41475f583a203233352c204d41475f593a202d3139302c204d41475f5a3a202d3931380d0a515641523a20302e33320d0a,1701669204,int32
2025-07-21T10:52:11.152255,54696d655374616d703a206c640d0a50524553533a20313031322e38340d0a4143435f583a203135302c204143435f593a202d3432362c204143435f5a3a202d3839330d0a4759525f583a203536302c204759525f593a202d323636302c204759525f5a3a20313437300d0a4d41475f583a203233352c204d41475f593a202d3139302c204d41475f5a3a202d3931380d0a515641523a20302e33320d0a,26964,int16
2025-07-21T10:52:11.658587,54696d655374616d703a206c640d0a54454d503a202b32362e37360d0a4143435f583a203132332c204143435f593a202d3432302c204143435f5a3a202d3931320d0a4759525f583a203134302c204759525f593a203931302c204759525f5a3a203134300d0a4d41475f583a203233322c204d41475f593a202d3138372c204d41475f5a3a202d3931390d0a515641523a20302e32300d0a,"TimeStamp: ld
TEMP: +26.76
ACC_X: 123, ACC_Y: -420, ACC_Z: -912
GYR_X: 140, GYR_Y: 910, GYR_Z: 140
MAG_X: 232, MAG_Y: -187, MAG_Z: -919
QVAR: 0.20",ascii
2025-07-21T10:52:11.658587,54696d655374616d703a206c640d0a54454d503a202b32362e37360d0a4143435f583a203132332c204143435f593a202d3432302c204143435f5a3a202d3931320d0a4759525f583a203134302c204759525f593a203931302c204759525f5a3a203134300d0a4d41475f583a203233322c204d41475f593a202d3138372c204d41475f5a3a202d3931390d0a515641523a20302e32300d0a,1701669204,int32
2025-07-21T10:52:11.658587,54696d655374616d703a206c640d0a54454d503a202b32362e37360d0a4143435f583a203132332c204143435f593a202d3432302c204143435f5a3a202d3931320d0a4759525f583a203134302c204759525f593a203931302c204759525f5a3a203134300d0a4d41475f583a203233322c204d41475f593a202d3138372c204d41475f5a3a202d3931390d0a515641523a20302e32300d0a,26964,int16
2025-07-21T10:52:12.154981,54696d655374616d703a206c640d0a50524553533a20313031322e39300d0a4143435f583a203138322c204143435f593a202d3336342c204143435f5a3a202d3937310d0a4759525f583a20313236302c204759525f593a202d3737302c204759525f5a3a20373238300d0a4d41475f583a203139332c204d41475f593a202d3230312c204d41475f5a3a202d3930390d0a515641523a20302e31320d0a,"TimeStamp: ld
PRESS: 1012.90
ACC_X: 182, ACC_Y: -364, ACC_Z: -971
GYR_X: 1260, GYR_Y: -770, GYR_Z: 7280
MAG_X: 193, MAG_Y: -201, MAG_Z: -909
QVAR: 0.12",ascii
2025-07-21T10:52:12.154981,54696d655374616d703a206c640d0a50524553533a20313031322e39300d0a4143435f583a203138322c204143435f593a202d3336342c204143435f5a3a202d3937310d0a4759525f583a20313236302c204759525f593a202d3737302c204759525f5a3a20373238300d0a4d41475f583a203139332c204d41475f593a202d3230312c204d41475f5a3a202d3930390d0a515641523a20302e31320d0a,1701669204,int32
2025-07-21T10:52:12.154981,54696d655374616d703a206c640d0a50524553533a20313031322e39300d0a4143435f583a203138322c204143435f593a202d3336342c204143435f5a3a202d3937310d0a4759525f583a20313236302c204759525f593a202d3737302c204759525f5a3a20373238300d0a4d41475f583a203139332c204d41475f593a202d3230312c204d41475f5a3a202d3930390d0a515641523a20302e31320d0a,26964,int16
2025-07-21T10:52:12.656751,54696d655374616d703a206c640d0a54454d503a202b32362e37360d0a4143435f583a203131392c204143435f593a202d3337362c204143435f5a3a202d3930350d0a4759525f583a20373536302c204759525f593a20313832302c204759525f5a3a20343230300d0a4d41475f583a203230382c204d41475f593a202d3139332c204d41475f5a3a202d3931330d0a515641523a20302e32300d0a,"TimeStamp: ld
TEMP: +26.76
ACC_X: 119, ACC_Y: -376, ACC_Z: -905
GYR_X: 7560, GYR_Y: 1820, GYR_Z: 4200
MAG_X: 208, MAG_Y: -193, MAG_Z: -913
QVAR: 0.20",ascii
2025-07-21T10:52:12.656751,54696d655374616d703a206c640d0a54454d503a202b32362e37360d0a4143435f583a203131392c204143435f593a202d3337362c204143435f5a3a202d3930350d0a4759525f583a20373536302c204759525f593a20313832302c204759525f5a3a20343230300d0a4d41475f583a203230382c204d41475f593a202d3139332c204d41475f5a3a202d3931330d0a515641523a20302e32300d0a,1701669204,int32
2025-07-21T10:52:12.656751,54696d655374616d703a206c640d0a54454d503a202b32362e37360d0a4143435f583a203131392c204143435f593a202d3337362c204143435f5a3a202d3930350d0a4759525f583a20373536302c204759525f593a20313832302c204759525f5a3a20343230300d0a4d41475f583a203230382c204d41475f593a202d3139332c204d41475f5a3a202d3931330d0a515641523a20302e32300d0a,26964,int16
2025-07-21T10:52:13.162694,54696d655374616d703a206c640d0a50524553533a20313031322e39330d0a4143435f583a203131322c204143435f593a202d3338352c204143435f5a3a202d3932360d0a4759525f583a202d323934302c204759525f593a202d353339302c204759525f5a3a202d343535300d0a4d41475f583a203232332c204d41475f593a202d3139332c204d41475f5a3a202d3931350d0a515641523a20302e31350d0a,"TimeStamp: ld
PRESS: 1012.93
ACC_X: 112, ACC_Y: -385, ACC_Z: -926
GYR_X: -2940, GYR_Y: -5390, GYR_Z: -4550
MAG_X: 223, MAG_Y: -193, MAG_Z: -915
QVAR: 0.15",ascii
2025-07-21T10:52:13.162694,54696d655374616d703a206c640d0a50524553533a20313031322e39330d0a4143435f583a203131322c204143435f593a202d3338352c204143435f5a3a202d3932360d0a4759525f583a202d323934302c204759525f593a202d353339302c204759525f5a3a202d343535300d0a4d41475f583a203232332c204d41475f593a202d3139332c204d41475f5a3a202d3931350d0a515641523a20302e31350d0a,1701669204,int32
2025-07-21T10:52:13.162694,54696d655374616d703a206c640d0a50524553533a20313031322e39330d0a4143435f583a203131322c204143435f593a202d3338352c204143435f5a3a202d3932360d0a4759525f583a202d323934302c204759525f593a202d353339302c204759525f5a3a202d343535300d0a4d41475f583a203232332c204d41475f593a202d3139332c204d41475f5a3a202d3931350d0a515641523a20302e31350d0a,26964,int16
2025-07-21T10:52:13.666021,54696d655374616d703a206c640d0a54454d503a202b32362e37370d0a4143435f583a203133362c204143435f593a202d3430322c204143435f5a3a202d3934330d0a4759525f583a2031383133302c204759525f593a2031323436302c204759525f5a3a20343535300d0a4d41475f583a203232322c204d41475f593a202d3139322c204d41475f5a3a202d3931380d0a515641523a20302e31390d0a,"TimeStamp: ld
TEMP: +26.77
ACC_X: 136, ACC_Y: -402, ACC_Z: -943
GYR_X: 18130, GYR_Y: 12460, GYR_Z: 4550
MAG_X: 222, MAG_Y: -192, MAG_Z: -918
QVAR: 0.19",ascii
2025-07-21T10:52:13.666021,54696d655374616d703a206c640d0a54454d503a202b32362e37370d0a4143435f583a203133362c204143435f593a202d3430322c204143435f5a3a202d3934330d0a4759525f583a2031383133302c204759525f593a2031323436302c204759525f5a3a20343535300d0a4d41475f583a203232322c204d41475f593a202d3139322c204d41475f5a3a202d3931380d0a515641523a20302e31390d0a,1701669204,int32
2025-07-21T10:52:13.666021,54696d655374616d703a206c640d0a54454d503a202b32362e37370d0a4143435f583a203133362c204143435f593a202d3430322c204143435f5a3a202d3934330d0a4759525f583a2031383133302c204759525f593a2031323436302c204759525f5a3a20343535300d0a4d41475f583a203232322c204d41475f593a202d3139322c204d41475f5a3a202d3931380d0a515641523a20302e31390d0a,26964,int16
2025-07-21T10:52:14.168558,54696d655374616d703a206c640d0a50524553533a20313031322e39310d0a4143435f583a203130362c204143435f593a202d3339382c204143435f5a3a202d3931370d0a4759525f583a203730302c204759525f593a202d313437302c204759525f5a3a202d3633300d0a4d41475f583a203231392c204d41475f593a202d3230382c204d41475f5a3a202d3931350d0a515641523a20302e31390d0a,"TimeStamp: ld
PRESS: 1012.91
ACC_X: 106, ACC_Y: -398, ACC_Z: -917
GYR_X: 700, GYR_Y: -1470, GYR_Z: -630
MAG_X: 219, MAG_Y: -208, MAG_Z: -915
QVAR: 0.19",ascii
2025-07-21T10:52:14.168558,54696d655374616d703a206c640d0a50524553533a20313031322e39310d0a4143435f583a203130362c204143435f593a202d3339382c204143435f5a3a202d3931370d0a4759525f583a203730302c204759525f593a202d313437302c204759525f5a3a202d3633300d0a4d41475f583a203231392c204d41475f593a202d3230382c204d41475f5a3a202d3931350d0a515641523a20302e31390d0a,1701669204,int32
2025-07-21T10:52:14.168558,54696d655374616d703a206c640d0a50524553533a20313031322e39310d0a4143435f583a203130362c204143435f593a202d3339382c204143435f5a3a202d3931370d0a4759525f583a203730302c204759525f593a202d313437302c204759525f5a3a202d3633300d0a4d41475f583a203231392c204d41475f593a202d3230382c204d41475f5a3a202d3931350d0a515641523a20302e31390d0a,26964,int16
2025-07-21T10:52:14.664903,54696d655374616d703a206c640d0a54454d503a202b32362e37380d0a4143435f583a203130312c204143435f593a202d3432342c204143435f5a3a202d3930340d0a4759525f583a202d343535302c204759525f593a202d3737302c204759525f5a3a202d313139300d0a4d41475f583a203232302c204d41475f593a202d3230372c204d41475f5a3a202d3931390d0a515641523a20302e32360d0a,"TimeStamp: ld
TEMP: +26.78
ACC_X: 101, ACC_Y: -424, ACC_Z: -904
GYR_X: -4550, GYR_Y: -770, GYR_Z: -1190
MAG_X: 220, MAG_Y: -207, MAG_Z: -919
QVAR: 0.26",ascii
2025-07-21T10:52:14.664903,54696d655374616d703a206c640d0a54454d503a202b32362e37380d0a4143435f583a203130312c204143435f593a202d3432342c204143435f5a3a202d3930340d0a4759525f583a202d343535302c204759525f593a202d3737302c204759525f5a3a202d313139300d0a4d41475f583a203232302c204d41475f593a202d3230372c204d41475f5a3a202d3931390d0a515641523a20302e32360d0a,1701669204,int32
2025-07-21T10:52:14.664903,54696d655374616d703a206c640d0a54454d503a202b32362e37380d0a4143435f583a203130312c204143435f593a202d3432342c204143435f5a3a202d3930340d0a4759525f583a202d343535302c204759525f593a202d3737302c204759525f5a3a202d313139300d0a4d41475f583a203232302c204d41475f593a202d3230372c204d41475f5a3a202d3931390d0a515641523a20302e32360d0a,26964,int16
2025-07-21T10:52:15.170588,54696d655374616d703a206c640d0a50524553533a20313031322e39300d0a4143435f583a203130382c204143435f593a202d3339312c204143435f5a3a202d3932360d0a4759525f583a202d3439302c204759525f593a202d313236302c204759525f5a3a202d3834300d0a4d41475f583a203230372c204d41475f593a202d3230322c204d41475f5a3a202d3931330d0a515641523a20302e31300d0a,"TimeStamp: ld
PRESS: 1012.90
ACC_X: 108, ACC_Y: -391, ACC_Z: -926
GYR_X: -490, GYR_Y: -1260, GYR_Z: -840
MAG_X: 207, MAG_Y: -202, MAG_Z: -913
QVAR: 0.10",ascii
2025-07-21T10:52:15.170588,54696d655374616d703a206c640d0a50524553533a20313031322e39300d0a4143435f583a203130382c204143435f593a202d3339312c204143435f5a3a202d3932360d0a4759525f583a202d3439302c204759525f593a202d313236302c204759525f5a3a202d3834300d0a4d41475f583a203230372c204d41475f593a202d3230322c204d41475f5a3a202d3931330d0a515641523a20302e31300d0a,1701669204,int32
2025-07-21T10:52:15.170588,54696d655374616d703a206c640d0a50524553533a20313031322e39300d0a4143435f583a203130382c204143435f593a202d3339312c204143435f5a3a202d3932360d0a4759525f583a202d3439302c204759525f593a202d313236302c204759525f5a3a202d3834300d0a4d41475f583a203230372c204d41475f593a202d3230322c204d41475f5a3a202d3931330d0a515641523a20302e31300d0a,26964,int16
2025-07-21T10:52:15.676368,54696d655374616d703a206c640d0a54454d503a202b32362e37380d0a4143435f583a203134352c204143435f593a202d3339382c204143435f5a3a202d3838350d0a4759525f583a202d333232302c204759525f593a202d3737302c204759525f5a3a202d323338300d0a4d41475f583a203232362c204d41475f593a202d3139322c204d41475f5a3a202d3930370d0a515641523a20302e30310d0a,"TimeStamp: ld
TEMP: +26.78
ACC_X: 145, ACC_Y: -398, ACC_Z: -885
GYR_X: -3220, GYR_Y: -770, GYR_Z: -2380
MAG_X: 226, MAG_Y: -192, MAG_Z: -907
QVAR: 0.01",ascii
2025-07-21T10:52:15.676368,54696d655374616d703a206c640d0a54454d503a202b32362e37380d0a4143435f583a203134352c204143435f593a202d3339382c204143435f5a3a202d3838350d0a4759525f583a202d333232302c204759525f593a202d3737302c204759525f5a3a202d323338300d0a4d41475f583a203232362c204d41475f593a202d3139322c204d41475f5a3a202d3930370d0a515641523a20302e30310d0a,1701669204,int32
2025-07-21T10:52:15.676368,54696d655374616d703a206c640d0a54454d503a202b32362e37380d0a4143435f583a203134352c204143435f593a202d3339382c204143435f5a3a202d3838350d0a4759525f583a202d333232302c204759525f593a202d3737302c204759525f5a3a202d323338300d0a4d41475f583a203232362c204d41475f593a202d3139322c204d41475f5a3a202d3930370d0a515641523a20302e30310d0a,26964,int16
2025-07-21T10:52:16.174800,54696d655374616d703a206c640d0a50524553533a20313031322e38390d0a4143435f583a203130302c204143435f593a202d3431372c204143435f5a3a202d3931370d0a4759525f583a202d3730302c204759525f593a203439302c204759525f5a3a202d3231300d0a4d41475f583a203232302c204d41475f593a202d3139352c204d41475f5a3a202d3930390d0a515641523a20302e30300d0a,"TimeStamp: ld
PRESS: 1012.89
ACC_X: 100, ACC_Y: -417, ACC_Z: -917
GYR_X: -700, GYR_Y: 490, GYR_Z: -210
MAG_X: 220, MAG_Y: -195, MAG_Z: -909
QVAR: 0.00",ascii
2025-07-21T10:52:16.174800,54696d655374616d703a206c640d0a50524553533a20313031322e38390d0a4143435f583a203130302c204143435f593a202d3431372c204143435f5a3a202d3931370d0a4759525f583a202d3730302c204759525f593a203439302c204759525f5a3a202d3231300d0a4d41475f583a203232302c204d41475f593a202d3139352c204d41475f5a3a202d3930390d0a515641523a20302e30300d0a,1701669204,int32
2025-07-21T10:52:16.174800,54696d655374616d703a206c640d0a50524553533a20313031322e38390d0a4143435f583a203130302c204143435f593a202d3431372c204143435f5a3a202d3931370d0a4759525f583a202d3730302c204759525f593a203439302c204759525f5a3a202d3231300d0a4d41475f583a203232302c204d41475f593a202d3139352c204d41475f5a3a202d3930390d0a515641523a20302e30300d0a,26964,int16
2025-07-21T10:52:16.670351,54696d655374616d703a206c640d0a54454d503a202b32362e38300d0a4143435f583a202d392c204143435f593a202d3233382c204143435f5a3a202d313032360d0a,"TimeStamp: ld
TEMP: +26.80
ACC_X: -9, ACC_Y: -238, ACC_Z: -1026",ascii
2025-07-21T10:52:16.670351,54696d655374616d703a206c640d0a54454d503a202b32362e38300d0a4143435f583a202d392c204143435f593a202d3233382c204143435f5a3a202d313032360d0a,1701669204,int32
2025-07-21T10:52:16.670351,54696d655374616d703a206c640d0a54454d503a202b32362e38300d0a4143435f583a202d392c204143435f593a202d3233382c204143435f5a3a202d313032360d0a,26964,int16
2025-07-21T10:52:16.686870,4759525f583a2031363137302c204759525f593a202d34353135302c204759525f5a3a202d31323637300d0a4d41475f583a2039372c204d41475f593a2036332c204d41475f5a3a202d3831360d0a515641523a20302e30350d0a,"GYR_X: 16170, GYR_Y: -45150, GYR_Z: -12670
MAG_X: 97, MAG_Y: 63, MAG_Z: -816
QVAR: 0.05",ascii
2025-07-21T10:52:16.686870,4759525f583a2031363137302c204759525f593a202d34353135302c204759525f5a3a202d31323637300d0a4d41475f583a2039372c204d41475f593a2036332c204d41475f5a3a202d3831360d0a515641523a20302e30350d0a,1599232327,int32
2025-07-21T10:52:16.686870,4759525f583a2031363137302c204759525f593a202d34353135302c204759525f5a3a202d31323637300d0a4d41475f583a2039372c204d41475f593a2036332c204d41475f5a3a202d3831360d0a515641523a20302e30350d0a,22855,int16
2025-07-21T10:52:17.171751,54696d655374616d703a206c640d0a50524553533a20313031322e38360d0a4143435f583a2037352c204143435f593a202d3231322c204143435f5a3a202d3937390d0a4759525f583a202d32313730302c204759525f593a202d343438302c204759525f5a3a202d323539300d0a4d41475f583a202d3336332c204d41475f593a20313333392c204d41475f5a3a203131320d0a,"TimeStamp: ld
PRESS: 1012.86
ACC_X: 75, ACC_Y: -212, ACC_Z: -979
GYR_X: -21700, GYR_Y: -4480, GYR_Z: -2590
MAG_X: -363, MAG_Y: 1339, MAG_Z: 112",ascii
2025-07-21T10:52:17.171751,54696d655374616d703a206c640d0a50524553533a20313031322e38360d0a4143435f583a2037352c204143435f593a202d3231322c204143435f5a3a202d3937390d0a4759525f583a202d32313730302c204759525f593a202d343438302c204759525f5a3a202d323539300d0a4d41475f583a202d3336332c204d41475f593a20313333392c204d41475f5a3a203131320d0a,1701669204,int32
2025-07-21T10:52:17.171751,54696d655374616d703a206c640d0a50524553533a20313031322e38360d0a4143435f583a2037352c204143435f593a202d3231322c204143435f5a3a202d3937390d0a4759525f583a202d32313730302c204759525f593a202d343438302c204759525f5a3a202d323539300d0a4d41475f583a202d3336332c204d41475f593a20313333392c204d41475f5a3a203131320d0a,26964,int16
2025-07-21T10:52:17.183696,515641523a20302e30320d0a,QVAR: 0.02,ascii
2025-07-21T10:52:17.183696,515641523a20302e30320d0a,1380013649,int32
2025-07-21T10:52:17.183696,515641523a20302e30320d0a,22097,int16
2025-07-21T10:52:17.680504,54696d655374616d703a206c640d0a54454d503a202b32362e38300d0a4143435f583a203134302c204143435f593a202d3134332c204143435f5a3a202d313031380d0a4759525f583a202d363434302c204759525f593a202d323934302c204759525f5a3a202d3432300d0a4d41475f583a202d3931382c204d41475f593a20313236332c204d41475f5a3a20323433390d0a515641523a20302e30310d0a,"TimeStamp: ld
TEMP: +26.80
ACC_X: 140, ACC_Y: -143, ACC_Z: -1018
GYR_X: -6440, GYR_Y: -2940, GYR_Z: -420
MAG_X: -918, MAG_Y: 1263, MAG_Z: 2439
QVAR: 0.01",ascii
2025-07-21T10:52:17.680504,54696d655374616d703a206c640d0a54454d503a202b32362e38300d0a4143435f583a203134302c204143435f593a202d3134332c204143435f5a3a202d313031380d0a4759525f583a202d363434302c204759525f593a202d323934302c204759525f5a3a202d3432300d0a4d41475f583a202d3931382c204d41475f593a20313236332c204d41475f5a3a20323433390d0a515641523a20302e30310d0a,1701669204,int32
2025-07-21T10:52:17.680504,54696d655374616d703a206c640d0a54454d503a202b32362e38300d0a4143435f583a203134302c204143435f593a202d3134332c204143435f5a3a202d313031380d0a4759525f583a202d363434302c204759525f593a202d323934302c204759525f5a3a202d3432300d0a4d41475f583a202d3931382c204d41475f593a20313236332c204d41475f5a3a20323433390d0a515641523a20302e30310d0a,26964,int16
2025-07-21T10:52:18.178776,54696d655374616d703a206c640d0a50524553533a20313031322e38370d0a4143435f583a2037392c204143435f593a202d3131302c204143435f5a3a202d3935330d0a4759525f583a202d31353333302c204759525f593a20323130302c204759525f5a3a20343237300d0a4d41475f583a202d3530322c204d41475f593a20313033362c204d41475f5a3a20323532370d0a515641523a20302e30370d0a,"TimeStamp: ld
PRESS: 1012.87
ACC_X: 79, ACC_Y: -110, ACC_Z: -953
GYR_X: -15330, GYR_Y: 2100, GYR_Z: 4270
MAG_X: -502, MAG_Y: 1036, MAG_Z: 2527
QVAR: 0.07",ascii
2025-07-21T10:52:18.178776,54696d655374616d703a206c640d0a50524553533a20313031322e38370d0a4143435f583a2037392c204143435f593a202d3131302c204143435f5a3a202d3935330d0a4759525f583a202d31353333302c204759525f593a20323130302c204759525f5a3a20343237300d0a4d41475f583a202d3530322c204d41475f593a20313033362c204d41475f5a3a20323532370d0a515641523a20302e30370d0a,1701669204,int32
2025-07-21T10:52:18.178776,54696d655374616d703a206c640d0a50524553533a20313031322e38370d0a4143435f583a2037392c204143435f593a202d3131302c204143435f5a3a202d3935330d0a4759525f583a202d31353333302c204759525f593a20323130302c204759525f5a3a20343237300d0a4d41475f583a202d3530322c204d41475f593a20313033362c204d41475f5a3a20323532370d0a515641523a20302e30370d0a,26964,int16
2025-07-21T10:52:18.677041,54696d655374616d703a206c640d0a,TimeStamp: ld,ascii
2025-07-21T10:52:18.677041,54696d655374616d703a206c640d0a,1701669204,int32
2025-07-21T10:52:18.677041,54696d655374616d703a206c640d0a,26964,int16
2025-07-21T10:52:18.690502,54454d503a202b32362e38320d0a4143435f583a2034322c204143435f593a202d34392c204143435f5a3a202d313030370d0a4759525f583a202d37302c204759525f593a203335302c204759525f5a3a2037300d0a4d41475f583a202d3530312c204d41475f593a20313034312c204d41475f5a3a20323531320d0a515641523a20302e30310d0a,"TEMP: +26.82
ACC_X: 42, ACC_Y: -49, ACC_Z: -1007
GYR_X: -70, GYR_Y: 350, GYR_Z: 70
MAG_X: -501, MAG_Y: 1041, MAG_Z: 2512
QVAR: 0.01",ascii
2025-07-21T10:52:18.690502,54454d503a202b32362e38320d0a4143435f583a2034322c204143435f593a202d34392c204143435f5a3a202d313030370d0a4759525f583a202d37302c204759525f593a203335302c204759525f5a3a2037300d0a4d41475f583a202d3530312c204d41475f593a20313034312c204d41475f5a3a20323531320d0a515641523a20302e30310d0a,1347241300,int32
2025-07-21T10:52:18.690502,54454d503a202b32362e38320d0a4143435f583a2034322c204143435f593a202d34392c204143435f5a3a202d313030370d0a4759525f583a202d37302c204759525f593a203335302c204759525f5a3a2037300d0a4d41475f583a202d3530312c204d41475f593a20313034312c204d41475f5a3a20323531320d0a515641523a20302e30310d0a,17748,int16
2025-07-21T10:52:19.184028,54696d655374616d703a206c640d0a50524553533a20313031322e38390d0a4143435f583a2034332c204143435f593a202d34372c204143435f5a3a202d313031300d0a4759525f583a202d37302c204759525f593a203335302c204759525f5a3a20300d0a4d41475f583a202d3439382c204d41475f593a20313034372c204d41475f5a3a20323530320d0a515641523a20302e31300d0a,"TimeStamp: ld
PRESS: 1012.89
ACC_X: 43, ACC_Y: -47, ACC_Z: -1010
GYR_X: -70, GYR_Y: 350, GYR_Z: 0
MAG_X: -498, MAG_Y: 1047, MAG_Z: 2502
QVAR: 0.10",ascii
2025-07-21T10:52:19.184028,54696d655374616d703a206c640d0a50524553533a20313031322e38390d0a4143435f583a2034332c204143435f593a202d34372c204143435f5a3a202d313031300d0a4759525f583a202d37302c204759525f593a203335302c204759525f5a3a20300d0a4d41475f583a202d3439382c204d41475f593a20313034372c204d41475f5a3a20323530320d0a515641523a20302e31300d0a,1701669204,int32
2025-07-21T10:52:19.184028,54696d655374616d703a206c640d0a50524553533a20313031322e38390d0a4143435f583a2034332c204143435f593a202d34372c204143435f5a3a202d313031300d0a4759525f583a202d37302c204759525f593a203335302c204759525f5a3a20300d0a4d41475f583a202d3439382c204d41475f593a20313034372c204d41475f5a3a20323530320d0a515641523a20302e31300d0a,26964,int16
2025-07-21T10:52:19.689615,54696d655374616d703a206c640d0a54454d503a202b32362e38340d0a4143435f583a2034332c204143435f593a202d34372c204143435f5a3a202d313030380d0a4759525f583a202d37302c204759525f593a203335302c204759525f5a3a20300d0a4d41475f583a202d3439302c204d41475f593a20313033362c204d41475f5a3a20323530320d0a515641523a20302e31300d0a,"TimeStamp: ld
TEMP: +26.84
ACC_X: 43, ACC_Y: -47, ACC_Z: -1008
GYR_X: -70, GYR_Y: 350, GYR_Z: 0
MAG_X: -490, MAG_Y: 1036, MAG_Z: 2502
QVAR: 0.10",ascii
2025-07-21T10:52:19.689615,54696d655374616d703a206c640d0a54454d503a202b32362e38340d0a4143435f583a2034332c204143435f593a202d34372c204143435f5a3a202d313030380d0a4759525f583a202d37302c204759525f593a203335302c204759525f5a3a20300d0a4d41475f583a202d3439302c204d41475f593a20313033362c204d41475f5a3a20323530320d0a515641523a20302e31300d0a,1701669204,int32
2025-07-21T10:52:19.689615,54696d655374616d703a206c640d0a54454d503a202b32362e38340d0a4143435f583a2034332c204143435f593a202d34372c204143435f5a3a202d313030380d0a4759525f583a202d37302c204759525f593a203335302c204759525f5a3a20300d0a4d41475f583a202d3439302c204d41475f593a20313033362c204d41475f5a3a20323530320d0a515641523a20302e31300d0a,26964,int16
2025-07-21T10:52:20.194506,54696d655374616d703a206c640d0a50524553533a20313031322e38360d0a4143435f583a2035332c204143435f593a202d31322c204143435f5a3a202d3939330d0a4759525f583a202d323733302c204759525f593a203834302c204759525f5a3a20313139300d0a4d41475f583a202d3436392c204d41475f593a20313034312c204d41475f5a3a20323439340d0a515641523a20302e30330d0a,"TimeStamp: ld
PRESS: 1012.86
ACC_X: 53, ACC_Y: -12, ACC_Z: -993
GYR_X: -2730, GYR_Y: 840, GYR_Z: 1190
MAG_X: -469, MAG_Y: 1041, MAG_Z: 2494
QVAR: 0.03",ascii
2025-07-21T10:52:20.194506,54696d655374616d703a206c640d0a50524553533a20313031322e38360d0a4143435f583a2035332c204143435f593a202d31322c204143435f5a3a202d3939330d0a4759525f583a202d323733302c204759525f593a203834302c204759525f5a3a20313139300d0a4d41475f583a202d3436392c204d41475f593a20313034312c204d41475f5a3a20323439340d0a515641523a20302e30330d0a,1701669204,int32
2025-07-21T10:52:20.194506,54696d655374616d703a206c640d0a50524553533a20313031322e38360d0a4143435f583a2035332c204143435f593a202d31322c204143435f5a3a202d3939330d0a4759525f583a202d323733302c204759525f593a203834302c204759525f5a3a20313139300d0a4d41475f583a202d3436392c204d41475f593a20313034312c204d41475f5a3a20323439340d0a515641523a20302e30330d0a,26964,int16
2025-07-21T10:52:20.691066,54696d655374616d703a206c640d0a54454d503a202b32362e38370d0a4143435f583a2034332c204143435f593a202d34352c204143435f5a3a202d313030360d0a4759525f583a202d3231302c204759525f593a203231302c204759525f5a3a202d37300d0a4d41475f583a202d3436392c204d41475f593a20313033332c204d41475f5a3a20323439360d0a515641523a20302e30300d0a,"TimeStamp: ld
TEMP: +26.87
ACC_X: 43, ACC_Y: -45, ACC_Z: -1006
GYR_X: -210, GYR_Y: 210, GYR_Z: -70
MAG_X: -469, MAG_Y: 1033, MAG_Z: 2496
QVAR: 0.00",ascii
2025-07-21T10:52:20.691066,54696d655374616d703a206c640d0a54454d503a202b32362e38370d0a4143435f583a2034332c204143435f593a202d34352c204143435f5a3a202d313030360d0a4759525f583a202d3231302c204759525f593a203231302c204759525f5a3a202d37300d0a4d41475f583a202d3436392c204d41475f593a20313033332c204d41475f5a3a20323439360d0a515641523a20302e30300d0a,1701669204,int32
2025-07-21T10:52:20.691066,54696d655374616d703a206c640d0a54454d503a202b32362e38370d0a4143435f583a2034332c204143435f593a202d34352c204143435f5a3a202d313030360d0a4759525f583a202d3231302c204759525f593a203231302c204759525f5a3a202d37300d0a4d41475f583a202d3436392c204d41475f593a20313033332c204d41475f5a3a20323439360d0a515641523a20302e30300d0a,26964,int16
2025-07-21T10:52:21.191571,54696d655374616d703a206c640d0a50524553533a20313031322e38300d0a4143435f583a2034342c204143435f593a202d34352c204143435f5a3a202d313030380d0a4759525f583a2037302c204759525f593a203335302c204759525f5a3a202d37300d0a4d41475f583a202d3435362c204d41475f593a20313034342c204d41475f5a3a20323530360d0a515641523a20302e30300d0a,"TimeStamp: ld
PRESS: 1012.80
ACC_X: 44, ACC_Y: -45, ACC_Z: -1008
GYR_X: 70, GYR_Y: 350, GYR_Z: -70
MAG_X: -456, MAG_Y: 1044, MAG_Z: 2506
QVAR: 0.00",ascii
2025-07-21T10:52:21.191571,54696d655374616d703a206c640d0a50524553533a20313031322e38300d0a4143435f583a2034342c204143435f593a202d34352c204143435f5a3a202d313030380d0a4759525f583a2037302c204759525f593a203335302c204759525f5a3a202d37300d0a4d41475f583a202d3435362c204d41475f593a20313034342c204d41475f5a3a20323530360d0a515641523a20302e30300d0a,1701669204,int32
2025-07-21T10:52:21.191571,54696d655374616d703a206c640d0a50524553533a20313031322e38300d0a4143435f583a2034342c204143435f593a202d34352c204143435f5a3a202d313030380d0a4759525f583a2037302c204759525f593a203335302c204759525f5a3a202d37300d0a4d41475f583a202d3435362c204d41475f593a20313034342c204d41475f5a3a20323530360d0a515641523a20302e30300d0a,26964,int16
2025-07-21T10:52:21.692540,54696d655374616d703a206c640d0a54454d503a202b32362e38370d0a4143435f583a2034332c204143435f593a202d34352c204143435f5a3a202d313030360d0a4759525f583a202d3134302c204759525f593a203335302c204759525f5a3a20300d0a4d41475f583a202d3436322c204d41475f593a20313032332c204d41475f5a3a20323530300d0a515641523a20302e30320d0a,"TimeStamp: ld
TEMP: +26.87
ACC_X: 43, ACC_Y: -45, ACC_Z: -1006
GYR_X: -140, GYR_Y: 350, GYR_Z: 0
MAG_X: -462, MAG_Y: 1023, MAG_Z: 2500
QVAR: 0.02",ascii
2025-07-21T10:52:21.692540,54696d655374616d703a206c640d0a54454d503a202b32362e38370d0a4143435f583a2034332c204143435f593a202d34352c204143435f5a3a202d313030360d0a4759525f583a202d3134302c204759525f593a203335302c204759525f5a3a20300d0a4d41475f583a202d3436322c204d41475f593a20313032332c204d41475f5a3a20323530300d0a515641523a20302e30320d0a,1701669204,int32
2025-07-21T10:52:21.692540,54696d655374616d703a206c640d0a54454d503a202b32362e38370d0a4143435f583a2034332c204143435f593a202d34352c204143435f5a3a202d313030360d0a4759525f583a202d3134302c204759525f593a203335302c204759525f5a3a20300d0a4d41475f583a202d3436322c204d41475f593a20313032332c204d41475f5a3a20323530300d0a515641523a20302e30320d0a,26964,int16
2025-07-21T10:52:22.196389,54696d655374616d703a206c640d0a50524553533a20313031322e38360d0a4143435f583a2034342c204143435f593a202d34332c204143435f5a3a202d313030380d0a4759525f583a20302c204759525f593a203238302c204759525f5a3a202d37300d0a4d41475f583a202d3436332c204d41475f593a20313033392c204d41475f5a3a20323531340d0a515641523a20302e30370d0a,"TimeStamp: ld
PRESS: 1012.86
ACC_X: 44, ACC_Y: -43, ACC_Z: -1008
GYR_X: 0, GYR_Y: 280, GYR_Z: -70
MAG_X: -463, MAG_Y: 1039, MAG_Z: 2514
QVAR: 0.07",ascii
2025-07-21T10:52:22.196389,54696d655374616d703a206c640d0a50524553533a20313031322e38360d0a4143435f583a2034342c204143435f593a202d34332c204143435f5a3a202d313030380d0a4759525f583a20302c204759525f593a203238302c204759525f5a3a202d37300d0a4d41475f583a202d3436332c204d41475f593a20313033392c204d41475f5a3a20323531340d0a515641523a20302e30370d0a,1701669204,int32
2025-07-21T10:52:22.196389,54696d655374616d703a206c640d0a50524553533a20313031322e38360d0a4143435f583a2034342c204143435f593a202d34332c204143435f5a3a202d313030380d0a4759525f583a20302c204759525f593a203238302c204759525f5a3a202d37300d0a4d41475f583a202d3436332c204d41475f593a20313033392c204d41475f5a3a20323531340d0a515641523a20302e30370d0a,26964,int16
2025-07-21T10:52:22.702985,54696d655374616d703a206c640d0a54454d503a202b32362e38370d0a4143435f583a2034332c204143435f593a202d34352c204143435f5a3a202d313030370d0a4759525f583a20302c204759525f593a203335302c204759525f5a3a2037300d0a4d41475f583a202d3436382c204d41475f593a20313033352c204d41475f5a3a20323530360d0a515641523a20302e30310d0a,"TimeStamp: ld
TEMP: +26.87
ACC_X: 43, ACC_Y: -45, ACC_Z: -1007
GYR_X: 0, GYR_Y: 350, GYR_Z: 70
MAG_X: -468, MAG_Y: 1035, MAG_Z: 2506
QVAR: 0.01",ascii
2025-07-21T10:52:22.702985,54696d655374616d703a206c640d0a54454d503a202b32362e38370d0a4143435f583a2034332c204143435f593a202d34352c204143435f5a3a202d313030370d0a4759525f583a20302c204759525f593a203335302c204759525f5a3a2037300d0a4d41475f583a202d3436382c204d41475f593a20313033352c204d41475f5a3a20323530360d0a515641523a20302e30310d0a,1701669204,int32
2025-07-21T10:52:22.702985,54696d655374616d703a206c640d0a54454d503a202b32362e38370d0a4143435f583a2034332c204143435f593a202d34352c204143435f5a3a202d313030370d0a4759525f583a20302c204759525f593a203335302c204759525f5a3a2037300d0a4d41475f583a202d3436382c204d41475f593a20313033352c204d41475f5a3a20323530360d0a515641523a20302e30310d0a,26964,int16
2025-07-21T10:52:23.196503,54696d655374616d703a206c640d0a4143435f583a2034312c204143435f593a202d34312c204143435f5a3a202d313031310d0a4759525f583a202d3231302c204759525f593a203432302c204759525f5a3a20300d0a4d41475f583a202d3436302c204d41475f593a20313034352c204d41475f5a3a20323531350d0a515641523a20302e30380d0a,"TimeStamp: ld
ACC_X: 41, ACC_Y: -41, ACC_Z: -1011
GYR_X: -210, GYR_Y: 420, GYR_Z: 0
MAG_X: -460, MAG_Y: 1045, MAG_Z: 2515
QVAR: 0.08",ascii
2025-07-21T10:52:23.196503,54696d655374616d703a206c640d0a4143435f583a2034312c204143435f593a202d34312c204143435f5a3a202d313031310d0a4759525f583a202d3231302c204759525f593a203432302c204759525f5a3a20300d0a4d41475f583a202d3436302c204d41475f593a20313034352c204d41475f5a3a20323531350d0a515641523a20302e30380d0a,1701669204,int32
2025-07-21T10:52:23.196503,54696d655374616d703a206c640d0a4143435f583a2034312c204143435f593a202d34312c204143435f5a3a202d313031310d0a4759525f583a202d3231302c204759525f593a203432302c204759525f5a3a20300d0a4d41475f583a202d3436302c204d41475f593a20313034352c204d41475f5a3a20323531350d0a515641523a20302e30380d0a,26964,int16
2025-07-21T10:52:23.701192,54696d655374616d703a206c640d0a50524553533a20313031322e39300d0a54454d503a202b32362e38380d0a4143435f583a2034332c204143435f593a202d34342c204143435f5a3a202d313030390d0a4759525f583a202d3134302c204759525f593a203335302c204759525f5a3a202d37300d0a4d41475f583a202d3436332c204d41475f593a20313033332c204d41475f5a3a20323530350d0a515641523a20302e30300d0a,"TimeStamp: ld
PRESS: 1012.90
TEMP: +26.88
ACC_X: 43, ACC_Y: -44, ACC_Z: -1009
GYR_X: -140, GYR_Y: 350, GYR_Z: -70
MAG_X: -463, MAG_Y: 1033, MAG_Z: 2505
QVAR: 0.00",ascii
2025-07-21T10:52:23.701192,54696d655374616d703a206c640d0a50524553533a20313031322e39300d0a54454d503a202b32362e38380d0a4143435f583a2034332c204143435f593a202d34342c204143435f5a3a202d313030390d0a4759525f583a202d3134302c204759525f593a203335302c204759525f5a3a202d37300d0a4d41475f583a202d3436332c204d41475f593a20313033332c204d41475f5a3a20323530350d0a515641523a20302e30300d0a,1701669204,int32
2025-07-21T10:52:23.701192,54696d655374616d703a206c640d0a50524553533a20313031322e39300d0a54454d503a202b32362e38380d0a4143435f583a2034332c204143435f593a202d34342c204143435f5a3a202d313030390d0a4759525f583a202d3134302c204759525f593a203335302c204759525f5a3a202d37300d0a4d41475f583a202d3436332c204d41475f593a20313033332c204d41475f5a3a20323530350d0a515641523a20302e30300d0a,26964,int16
2025-07-21T10:52:24.206815,54696d655374616d703a206c640d0a4143435f583a2034342c204143435f593a202d34352c204143435f5a3a202d313030370d0a4759525f583a202d3335302c204759525f593a203335302c204759525f5a3a20300d0a4d41475f583a202d3436322c204d41475f593a20313033382c204d41475f5a3a20323531310d0a515641523a20302e30350d0a,"TimeStamp: ld
ACC_X: 44, ACC_Y: -45, ACC_Z: -1007
GYR_X: -350, GYR_Y: 350, GYR_Z: 0
MAG_X: -462, MAG_Y: 1038, MAG_Z: 2511
QVAR: 0.05",ascii
2025-07-21T10:52:24.206815,54696d655374616d703a206c640d0a4143435f583a2034342c204143435f593a202d34352c204143435f5a3a202d313030370d0a4759525f583a202d3335302c204759525f593a203335302c204759525f5a3a20300d0a4d41475f583a202d3436322c204d41475f593a20313033382c204d41475f5a3a20323531310d0a515641523a20302e30350d0a,1701669204,int32
2025-07-21T10:52:24.206815,54696d655374616d703a206c640d0a4143435f583a2034342c204143435f593a202d34352c204143435f5a3a202d313030370d0a4759525f583a202d3335302c204759525f593a203335302c204759525f5a3a20300d0a4d41475f583a202d3436322c204d41475f593a20313033382c204d41475f5a3a20323531310d0a515641523a20302e30350d0a,26964,int16
2025-07-21T10:52:24.706975,54696d655374616d703a206c640d0a50524553533a20313031322e38350d0a54454d503a202b32362e38390d0a4143435f583a2034312c204143435f593a202d34332c204143435f5a3a202d313030380d0a4759525f583a202d3134302c204759525f593a203335302c204759525f5a3a20300d0a4d41475f583a202d3436362c204d41475f593a20313033302c204d41475f5a3a20323530320d0a515641523a20302e30330d0a,"TimeStamp: ld
PRESS: 1012.85
TEMP: +26.89
ACC_X: 41, ACC_Y: -43, ACC_Z: -1008
GYR_X: -140, GYR_Y: 350, GYR_Z: 0
MAG_X: -466, MAG_Y: 1030, MAG_Z: 2502
QVAR: 0.03",ascii
2025-07-21T10:52:24.706975,54696d655374616d703a206c640d0a50524553533a20313031322e38350d0a54454d503a202b32362e38390d0a4143435f583a2034312c204143435f593a202d34332c204143435f5a3a202d313030380d0a4759525f583a202d3134302c204759525f593a203335302c204759525f5a3a20300d0a4d41475f583a202d3436362c204d41475f593a20313033302c204d41475f5a3a20323530320d0a515641523a20302e30330d0a,1701669204,int32
2025-07-21T10:52:24.706975,54696d655374616d703a206c640d0a50524553533a20313031322e38350d0a54454d503a202b32362e38390d0a4143435f583a2034312c204143435f593a202d34332c204143435f5a3a202d313030380d0a4759525f583a202d3134302c204759525f593a203335302c204759525f5a3a20300d0a4d41475f583a202d3436362c204d41475f593a20313033302c204d41475f5a3a20323530320d0a515641523a20302e30330d0a,26964,int16
2025-07-21T10:52:25.206798,54696d655374616d703a206c640d0a4143435f583a2034322c204143435f593a202d34352c204143435f5a3a202d313030370d0a4759525f583a202d3231302c204759525f593a203335302c204759525f5a3a2037300d0a4d41475f583a202d3435332c204d41475f593a20313033392c204d41475f5a3a20323531340d0a515641523a20302e31300d0a,"TimeStamp: ld
ACC_X: 42, ACC_Y: -45, ACC_Z: -1007
GYR_X: -210, GYR_Y: 350, GYR_Z: 70
MAG_X: -453, MAG_Y: 1039, MAG_Z: 2514
QVAR: 0.10",ascii
2025-07-21T10:52:25.206798,54696d655374616d703a206c640d0a4143435f583a2034322c204143435f593a202d34352c204143435f5a3a202d313030370d0a4759525f583a202d3231302c204759525f593a203335302c204759525f5a3a2037300d0a4d41475f583a202d3435332c204d41475f593a20313033392c204d41475f5a3a20323531340d0a515641523a20302e31300d0a,1701669204,int32
2025-07-21T10:52:25.206798,54696d655374616d703a206c640d0a4143435f583a2034322c204143435f593a202d34352c204143435f5a3a202d313030370d0a4759525f583a202d3231302c204759525f593a203335302c204759525f5a3a2037300d0a4d41475f583a202d3435332c204d41475f593a20313033392c204d41475f5a3a20323531340d0a515641523a20302e31300d0a,26964,int16
2025-07-21T10:52:25.708653,54696d655374616d703a206c640d0a50524553533a20313031322e38370d0a54454d503a202b32362e39330d0a4143435f583a2034322c204143435f593a202d34342c204143435f5a3a202d313030360d0a4759525f583a202d3231302c204759525f593a203238302c204759525f5a3a2037300d0a4d41475f583a202d3435362c204d41475f593a20313033362c204d41475f5a3a20323530360d0a515641523a20302e30310d0a,"TimeStamp: ld
PRESS: 1012.87
TEMP: +26.93
ACC_X: 42, ACC_Y: -44, ACC_Z: -1006
GYR_X: -210, GYR_Y: 280, GYR_Z: 70
MAG_X: -456, MAG_Y: 1036, MAG_Z: 2506
QVAR: 0.01",ascii
2025-07-21T10:52:25.708653,54696d655374616d703a206c640d0a50524553533a20313031322e38370d0a54454d503a202b32362e39330d0a4143435f583a2034322c204143435f593a202d34342c204143435f5a3a202d313030360d0a4759525f583a202d3231302c204759525f593a203238302c204759525f5a3a2037300d0a4d41475f583a202d3435362c204d41475f593a20313033362c204d41475f5a3a20323530360d0a515641523a20302e30310d0a,1701669204,int32
2025-07-21T10:52:25.708653,54696d655374616d703a206c640d0a50524553533a20313031322e38370d0a54454d503a202b32362e39330d0a4143435f583a2034322c204143435f593a202d34342c204143435f5a3a202d313030360d0a4759525f583a202d3231302c204759525f593a203238302c204759525f5a3a2037300d0a4d41475f583a202d3435362c204d41475f593a20313033362c204d41475f5a3a20323530360d0a515641523a20302e30310d0a,26964,int16
2025-07-21T10:52:26.206703,54696d655374616d703a206c640d0a,TimeStamp: ld,ascii
2025-07-21T10:52:26.206703,54696d655374616d703a206c640d0a,1701669204,int32
2025-07-21T10:52:26.206703,54696d655374616d703a206c640d0a,26964,int16
2025-07-21T10:52:26.220916,4143435f583a2034332c204143435f593a202d34352c204143435f5a3a202d313030360d0a4759525f583a202d3134302c204759525f593a203238302c204759525f5a3a20300d0a4d41475f583a202d3435372c204d41475f593a20313033352c204d41475f5a3a20323530300d0a515641523a20302e31310d0a,"ACC_X: 43, ACC_Y: -45, ACC_Z: -1006
GYR_X: -140, GYR_Y: 280, GYR_Z: 0
MAG_X: -457, MAG_Y: 1035, MAG_Z: 2500
QVAR: 0.11",ascii
2025-07-21T10:52:26.220916,4143435f583a2034332c204143435f593a202d34352c204143435f5a3a202d313030360d0a4759525f583a202d3134302c204759525f593a203238302c204759525f5a3a20300d0a4d41475f583a202d3435372c204d41475f593a20313033352c204d41475f5a3a20323530300d0a515641523a20302e31310d0a,1598243649,int32
2025-07-21T10:52:26.220916,4143435f583a2034332c204143435f593a202d34352c204143435f5a3a202d313030360d0a4759525f583a202d3134302c204759525f593a203238302c204759525f5a3a20300d0a4d41475f583a202d3435372c204d41475f593a20313033352c204d41475f5a3a20323530300d0a515641523a20302e31310d0a,17217,int16
