timestamp,yaw,pitch,roll,ecg_raw,ecg_filtered,heart_rate,packet_counter
2025-07-21T12:37:46.420856,1.6675451725465323e-43,-2.534230289229386e+37,-1.8213580893174254e+31,5.121471483412803e-23,5.1009855974791555e-24,0,0
2025-07-21T12:37:46.430084,1.7796490496925177e-43,2.8836919765460228e-37,-9.48240194702521e-05,6.530507779156895e-37,4.060384535593478e-24,0,0
2025-07-21T12:37:46.437871,1.961817850054744e-43,2.8836919765460228e-37,-9.48240194702521e-05,6.530507779156895e-37,8.328970899333643e-24,0,0
2025-07-21T12:37:46.445264,2.1860256043467146e-43,2.8836919765460228e-37,-9.48240194702521e-05,6.530507779156895e-37,6.622531739763251e-24,0,0
2025-07-21T12:37:46.452624,2.4102333586386854e-43,9.612788724841572e-36,2.48037694231001e+37,-5.7537927590330525e+23,-5.730777587996921e+22,0,0
2025-07-21T12:37:46.459689,2.634441112930656e-43,9.612788724841572e-36,2.48037694231001e+37,-5.7537927590330525e+23,-1.029247654804247e+23,0,0
2025-07-21T12:37:46.466488,2.872661851865875e-43,5.317789506326176e-35,-2.866547479493777e+30,-8533146624.0,-1.3919004298168414e+23,0,0
2025-07-21T12:37:46.473673,3.0968696061578457e-43,5.317789506326176e-35,-2.866547479493777e+30,-8533146624.0,-1.679748640603023e+23,0,0
2025-07-21T12:37:46.480566,3.3210773604498165e-43,5.317789506326176e-35,-2.866547479493777e+30,-8533146624.0,-1.3346845372452867e+23,0,0
2025-07-21T12:37:46.487692,3.545285114741787e-43,2.694600394069315e-35,1.543443498008834e-11,-148.73532104492188,-1.0586697120600376e+23,0,0
2025-07-21T12:37:46.495152,3.769492869033758e-43,2.694600394069315e-35,1.543443498008834e-11,-148.73532104492188,-8.378941635827833e+22,0,0
2025-07-21T12:37:46.502632,4.007713607968977e-43,4.846342803249512e-36,29356164.0,-0.004189639817923307,-6.613098912252322e+22,0,0
2025-07-21T12:37:46.510097,4.2319213622609476e-43,4.846342803249512e-36,29356164.0,-0.004189639817923307,-5.200784950977553e+22,0,0
2025-07-21T12:37:46.517425,4.456129116552918e-43,4.846342803249512e-36,29356164.0,-0.004189639817923307,-4.071292558673035e+22,0,0
2025-07-21T12:37:46.524896,4.680336870844889e-43,3.622967720617852e-37,-4.080289528474168e-08,-0.0002209292579209432,-3.1680559864378565e+22,0,0
2025-07-21T12:37:46.532032,4.90454462513686e-43,3.622967720617852e-37,-4.080289528474168e-08,-0.0002209292579209432,-2.4458226408917156e+22,0,0
2025-07-21T12:37:46.539295,5.142765364072079e-43,3.0416203313452183e-38,1.217475290995609e-38,-0.0008518584072589874,-1.8683904530478373e+22,0,0
2025-07-21T12:37:46.546755,5.366973118364049e-43,3.0416203313452183e-38,1.217475290995609e-38,-0.0008518584072589874,-1.4067977734113968e+22,0,0
2025-07-21T12:37:46.554006,5.59118087265602e-43,-1.2647915917704987e+38,2.0889951385148162e-16,-0.0037909895181655884,-1.037875288058352e+22,0,0
2025-07-21T12:37:46.561744,5.815388626947991e-43,-1.2647915917704987e+38,2.0889951385148162e-16,-0.0037909895181655884,-7.43087551498599e+21,0,0
2025-07-21T12:37:46.569107,6.0395963812399616e-43,-1.2647915917704987e+38,2.0889951385148162e-16,-0.0037909895181655884,-5.07606212966589e+21,0,0
2025-07-21T12:37:46.576598,6.2778171201751805e-43,-4.446715481504592e+35,0.0031962546054273844,-2.1580723114311695e-05,-3.1956859745391015e+21,0,0
2025-07-21T12:37:46.583948,6.502024874467151e-43,-4.446715481504592e+35,0.0031962546054273844,-2.1580723114311695e-05,-1.6948457053544456e+21,0,0
2025-07-21T12:37:46.591565,6.726232628759122e-43,-2.9524374760940605e+32,26.902956008911133,-2.728859271883266e-08,-4.97620302303828e+20,0,0
2025-07-21T12:37:46.598820,6.950440383051093e-43,-2.9524374760940605e+32,26.902956008911133,-2.728859271883266e-08,4.5672699508874727e+20,0,0
2025-07-21T12:37:46.607438,7.188661121986312e-43,-2.9524374760940605e+32,26.902956008911133,-2.728859271883266e-08,1.2167855400550804e+21,0,0
2025-07-21T12:37:46.614328,7.412868876278282e-43,-2.3725924788574357e+27,4.316035973062071e-09,-6.298051857811515e-09,1.8214267602522105e+21,0,0
2025-07-21T12:37:46.621390,7.637076630570253e-43,-2.3725924788574357e+27,4.316035973062071e-09,-6.298051857811515e-09,2.301747743097082e+21,0,0
2025-07-21T12:37:46.628679,7.861284384862224e-43,-1.0630656848415508e+21,6.014938677603445e-25,-4.325233504687276e-10,2.6826261040333985e+21,0,0
2025-07-21T12:37:46.635755,8.085492139154194e-43,-1.0630656848415508e+21,6.014938677603445e-25,-4.325233504687276e-10,2.983963881144228e+21,0,0
2025-07-21T12:37:46.642790,8.323712878089413e-43,-138645839282176.0,-2.3035488755635114e+23,-1.6129407531817463e-10,3.221682650841222e+21,0,0
2025-07-21T12:37:46.649839,8.547920632381384e-43,-138645839282176.0,-2.3035488755635114e+23,-1.6129407531817463e-10,3.408519620415114e+21,0,0
2025-07-21T12:37:46.656824,8.772128386673355e-43,-138645839282176.0,-2.3035488755635114e+23,-1.6129407531817463e-10,3.5546645020752583e+21,0,0
2025-07-21T12:37:46.663797,8.996336140965326e-43,-659931136.0,-0.4638538658618927,-2.3468030904000292e-12,3.668269012180401e+21,0,0
2025-07-21T12:37:46.671065,9.220543895257296e-43,-659931136.0,-0.4638538658618927,-2.3468030904000292e-12,3.7558544706224353e+21,0,0
2025-07-21T12:37:46.677960,9.458764634192515e-43,-92416.0,-28025986.0,-1.1291848332225669e-17,3.82263788033255e+21,0,0
2025-07-21T12:37:46.684978,9.682972388484486e-43,-92416.0,-28025986.0,-1.1291848332225669e-17,3.872792790885303e+21,0,0
2025-07-21T12:37:46.692241,9.907180142776457e-43,-92416.0,-28025986.0,-1.1291848332225669e-17,3.909657989381029e+21,0,0
2025-07-21T12:37:46.699383,1.0131387897068427e-42,-3965.125,1.0792382529927748e-29,-2.4246247029320456e-22,3.935904453150918e+21,0,0
2025-07-21T12:37:46.706970,1.0355595651360398e-42,-3965.125,1.0792382529927748e-29,-2.4246247029320456e-22,3.953668911920245e+21,0,0
2025-07-21T12:37:46.714428,1.0593816390295617e-42,-4707.75,6.266200671234401e-06,-1.8257322834725233e-27,3.964660697538109e+21,0,0
2025-07-21T12:37:46.721552,1.0818024144587588e-42,-4707.75,6.266200671234401e-06,-1.8257322834725233e-27,3.9702472237603923e+21,0,0
2025-07-21T12:37:46.728435,1.1042231898879559e-42,-63619.0,30167664640.0,-1.747527517751639e-32,3.9715223700752994e+21,0,0
2025-07-21T12:37:46.735535,1.126643965317153e-42,-63619.0,30167664640.0,-1.747527517751639e-32,3.969361188762957e+21,0,0
2025-07-21T12:37:46.743111,1.1504660392106748e-42,-63619.0,30167664640.0,-1.747527517751639e-32,3.964463670542272e+21,0,0
2025-07-21T12:37:46.750450,1.1728868146398719e-42,-3645760.0,1.8214649212174336e+16,nan,nan,0,0
2025-07-21T12:37:46.758077,1.195307590069069e-42,-3645760.0,1.8214649212174336e+16,nan,nan,0,0
2025-07-21T12:37:46.765577,1.217728365498266e-42,-285130752.0,1.4364583954730713e+19,1.354547659924224e+21,nan,0,0
2025-07-21T12:37:46.772920,1.2401491409274631e-42,-285130752.0,1.4364583954730713e+19,1.354547659924224e+21,nan,0,0
2025-07-21T12:37:46.780264,1.263971214820985e-42,-285130752.0,1.4364583954730713e+19,1.354547659924224e+21,nan,0,0
2025-07-21T12:37:46.787541,1.286391990250182e-42,-69287804928.0,9.767912400899304e+21,0.00027562864124774933,nan,0,0
2025-07-21T12:37:46.794826,1.3088127656793791e-42,-69287804928.0,9.767912400899304e+21,0.00027562864124774933,nan,0,0
2025-07-21T12:37:46.801815,1.3312335411085762e-42,-19508278329344.0,4.7134432307119584e+23,6.727853754855051e-34,nan,0,0
2025-07-21T12:37:46.808987,1.3536543165377733e-42,-19508278329344.0,4.7134432307119584e+23,6.727853754855051e-34,nan,0,0
2025-07-21T12:37:46.816277,1.3774763904312952e-42,-19508278329344.0,4.7134432307119584e+23,6.727853754855051e-34,nan,0,0
2025-07-21T12:37:46.823639,1.3998971658604923e-42,-3489712467607552.0,1.904951103598359e+25,-2.465037930077425e-18,nan,0,0
2025-07-21T12:37:46.830865,1.4223179412896893e-42,-3489712467607552.0,1.904951103598359e+25,-2.465037930077425e-18,nan,0,0
2025-07-21T12:37:46.837904,1.4447387167188864e-42,-2.1008588574241587e+17,4.203119045180595e+26,-1465065472.0,nan,0,0
2025-07-21T12:37:46.844800,1.4671594921480835e-42,-2.1008588574241587e+17,4.203119045180595e+26,-1465065472.0,nan,0,0
2025-07-21T12:37:46.852013,1.4909815660416054e-42,-3.194459510689235e+18,3.2391848025437837e+27,-27678.125,nan,0,0
2025-07-21T12:37:46.859092,1.5134023414708024e-42,-3.194459510689235e+18,3.2391848025437837e+27,-27678.125,nan,0,0
2025-07-21T12:37:46.866369,1.5358231168999995e-42,-3.194459510689235e+18,3.2391848025437837e+27,-27678.125,nan,0,0
2025-07-21T12:37:46.873817,1.5582438923291966e-42,-1.067521996672834e+19,7.037839268950568e+24,-2.6877128753504283e-38,nan,0,0
2025-07-21T12:37:46.880994,1.5820659662227185e-42,-1.067521996672834e+19,7.037839268950568e+24,-2.6877128753504283e-38,nan,0,0
2025-07-21T12:37:46.888293,1.6044867416519155e-42,-1.85615858642075e+19,6.108899157707417e+22,-263965376512.0,nan,0,0
2025-07-21T12:37:46.895708,1.6269075170811126e-42,-1.85615858642075e+19,6.108899157707417e+22,-263965376512.0,nan,0,0
2025-07-21T12:37:46.902942,1.6493282925103097e-42,-1.85615858642075e+19,6.108899157707417e+22,-263965376512.0,nan,0,0
2025-07-21T12:37:46.909908,1.6717490679395068e-42,-3.529583617960942e+19,2.0236909793494576e+24,2.1321851219183915e-34,nan,0,0
2025-07-21T12:37:46.917290,1.6955711418330287e-42,-3.529583617960942e+19,2.0236909793494576e+24,2.1321851219183915e-34,nan,0,0
2025-07-21T12:37:46.924394,1.7179919172622257e-42,-2.748321672602845e+19,2.1165508057501338e+33,5.808164476326841e-19,nan,0,0
2025-07-21T12:37:46.931655,1.7404126926914228e-42,-2.748321672602845e+19,2.1165508057501338e+33,5.808164476326841e-19,nan,0,0
2025-07-21T12:37:46.938671,1.76283346812062e-42,-1.059837729808633e+19,-4.0842003076202686e-35,8.3977822214365e-05,nan,0,0
2025-07-21T12:37:46.945999,1.785254243549817e-42,-1.059837729808633e+19,-4.0842003076202686e-35,8.3977822214365e-05,nan,0,0
2025-07-21T12:37:46.953470,1.8090763174433388e-42,-1.059837729808633e+19,-4.0842003076202686e-35,8.3977822214365e-05,nan,0,0
2025-07-21T12:37:46.961354,1.831497092872536e-42,-3.251035981008077e+18,-1.2791642708337358e-28,206148608.0,nan,0,0
2025-07-21T12:37:46.968605,1.853917868301733e-42,-3.251035981008077e+18,-1.2791642708337358e-28,206148608.0,nan,0,0
2025-07-21T12:37:46.975983,1.87633864373093e-42,-8.449526957133005e+17,-5.538596833177793e-23,5.3389498042533125e+20,nan,0,0
2025-07-21T12:37:46.983488,1.900160717624452e-42,-8.449526957133005e+17,-5.538596833177793e-23,5.3389498042533125e+20,nan,0,0
2025-07-21T12:37:46.990576,1.922581493053649e-42,-8.449526957133005e+17,-5.538596833177793e-23,5.3389498042533125e+20,nan,0,0
2025-07-21T12:37:46.998418,1.945002268482846e-42,-2.0541955839413453e+17,-1.3587097515409234e-17,2.232810551857076e+32,nan,0,0
2025-07-21T12:37:47.005736,1.9674230439120432e-42,-2.0541955839413453e+17,-1.3587097515409234e-17,2.232810551857076e+32,nan,0,0
2025-07-21T12:37:47.013216,1.9898438193412402e-42,-6.340663655058637e+16,-6.3783704880304715e-12,-5.536842878601909e-34,nan,0,0
2025-07-21T12:37:47.020482,2.013665893234762e-42,-6.340663655058637e+16,-6.3783704880304715e-12,-5.536842878601909e-34,nan,0,0
2025-07-21T12:37:47.027820,2.0360866686639592e-42,-3.4481784158683136e+16,-2.7276257696939865e-06,-1.9617367747487155e-23,nan,0,0
2025-07-21T12:37:47.035333,2.0585074440931563e-42,-3.4481784158683136e+16,-2.7276257696939865e-06,-1.9617367747487155e-23,nan,0,0
2025-07-21T12:37:47.042388,2.0809282195223534e-42,-3.4481784158683136e+16,-2.7276257696939865e-06,-1.9617367747487155e-23,nan,0,0
2025-07-21T12:37:47.050039,2.1033489949515504e-42,-3.301778442629939e+16,-0.015227855183184147,-3.0046659604821002e-12,nan,0,0
2025-07-21T12:37:47.057020,2.1271710688450723e-42,-3.301778442629939e+16,-0.015227855183184147,-3.0046659604821002e-12,nan,0,0
2025-07-21T12:37:47.064284,2.1495918442742694e-42,-3.1744000205520896e+16,-1.2398759126663208,-0.06236004829406738,nan,0,0
2025-07-21T12:37:47.076011,2.1720126197034665e-42,-3.1744000205520896e+16,-1.2398759126663208,-0.06236004829406738,nan,0,0
2025-07-21T12:37:47.086367,2.1944333951326635e-42,-3.1744000205520896e+16,-1.2398759126663208,-0.06236004829406738,nan,0,0
2025-07-21T12:37:47.101259,2.2168541705618606e-42,-1.788493101531136e+16,-0.24280263483524323,-1026396160.0,nan,0,0
2025-07-21T12:37:47.108495,2.2406762444553825e-42,-1.788493101531136e+16,-0.24280263483524323,-1026396160.0,nan,0,0
2025-07-21T12:37:47.115962,2.2630970198845796e-42,-1.144591604514816e+16,-0.000833500234875828,-6.907615830805053e+17,nan,0,0
2025-07-21T12:37:47.122993,2.2855177953137766e-42,-1.144591604514816e+16,-0.000833500234875828,-6.907615830805053e+17,nan,0,0
2025-07-21T12:37:47.130744,2.3079385707429737e-42,-1.144591604514816e+16,-0.000833500234875828,-6.907615830805053e+17,nan,0,0
2025-07-21T12:37:47.137765,2.3317606446364956e-42,-5456189013884928.0,-5.866932610842923e-07,-1.9635913430421238e+24,nan,0,0
2025-07-21T12:37:47.144777,2.3541814200656927e-42,-5456189013884928.0,-5.866932610842923e-07,-1.9635913430421238e+24,nan,0,0
2025-07-21T12:37:47.151744,2.3766021954948898e-42,-1306907008565248.0,-1.3698767675762724e-09,-1.2387681534718163e+29,nan,0,0
2025-07-21T12:37:47.158616,2.3990229709240868e-42,-1306907008565248.0,-1.3698767675762724e-09,-1.2387681534718163e+29,nan,0,0
2025-07-21T12:37:47.166066,2.421443746353284e-42,-186826782408704.0,-2.2524761569830964e-11,-6.927914790353756e+31,nan,0,0
2025-07-21T12:37:47.173429,2.4452658202468058e-42,-186826782408704.0,-2.2524761569830964e-11,-6.927914790353756e+31,nan,0,0
2025-07-21T12:37:47.180742,2.467686595676003e-42,-186826782408704.0,-2.2524761569830964e-11,-6.927914790353756e+31,nan,0,0
2025-07-21T12:37:47.187821,2.4901073711052e-42,-13540421271552.0,-3.5371931078609364e-11,-1.1108234042914003e+33,nan,0,0
2025-07-21T12:37:47.195074,2.512528146534397e-42,-13540421271552.0,-3.5371931078609364e-11,-1.1108234042914003e+33,nan,0,0
2025-07-21T12:37:47.202258,2.534948921963594e-42,-500019757056.0,-2.9444466864703145e-09,-1.3685318195576422e+34,nan,0,0
2025-07-21T12:37:47.209252,2.558770995857116e-42,-500019757056.0,-2.9444466864703145e-09,-1.3685318195576422e+34,nan,0,0
2025-07-21T12:37:47.216466,2.581191771286313e-42,-500019757056.0,-2.9444466864703145e-09,-1.3685318195576422e+34,nan,0,0
2025-07-21T12:37:47.223686,2.60361254671551e-42,-58016661504.0,-3.577632242013351e-06,-2.2192125232895498e+35,nan,0,0
2025-07-21T12:37:47.230691,2.6260333221447072e-42,-58016661504.0,-3.577632242013351e-06,-2.2192125232895498e+35,nan,0,0
2025-07-21T12:37:47.238121,2.6484540975739043e-42,-14341636096.0,-1.2424088716506958,-1.4554089224111536e+37,nan,0,0
2025-07-21T12:37:47.245062,2.672276171467426e-42,-14341636096.0,-1.2424088716506958,-1.4554089224111536e+37,nan,0,0
2025-07-21T12:37:47.252203,2.6946969468966232e-42,-4980998144.0,-10074945.0,2.4882576571322912e-39,nan,0,0
2025-07-21T12:37:47.259263,2.7171177223258203e-42,-4980998144.0,-10074945.0,2.4882576571322912e-39,nan,0,0
2025-07-21T12:37:47.266449,2.7395384977550174e-42,-4980998144.0,-10074945.0,2.4882576571322912e-39,nan,0,0
2025-07-21T12:37:47.273715,2.7633605716485393e-42,-1971847168.0,-6847419908096.0,2.0540300152399456e-37,nan,0,0
2025-07-21T12:37:47.281351,2.7857813470777363e-42,-1971847168.0,-6847419908096.0,2.0540300152399456e-37,nan,0,0
2025-07-21T12:37:47.288821,2.8082021225069334e-42,-956465152.0,-1.3288093660898918e+17,7.878429462149829e-36,nan,0,0
2025-07-21T12:37:47.296151,2.8306228979361305e-42,-956465152.0,-1.3288093660898918e+17,7.878429462149829e-36,nan,0,0
2025-07-21T12:37:47.303212,2.8530436733653276e-42,-956465152.0,-1.3288093660898918e+17,7.878429462149829e-36,nan,0,0
2025-07-21T12:37:47.310777,2.8768657472588494e-42,-623214592.0,-3.2594382289652154e+19,8.364876575168939e-34,nan,0,0
2025-07-21T12:37:47.317964,2.8992865226880465e-42,-623214592.0,-3.2594382289652154e+19,8.364876575168939e-34,nan,0,0
2025-07-21T12:37:47.325638,2.9217072981172436e-42,-520265728.0,-5.287519048352462e+20,5.453729550527019e-32,nan,0,0
2025-07-21T12:37:47.332950,2.9441280735464407e-42,-520265728.0,-5.287519048352462e+20,5.453729550527019e-32,nan,0,0
2025-07-21T12:37:47.339820,2.966548848975638e-42,-404185088.0,-4.165091346453797e+21,1.4982591446428215e-30,nan,0,0
2025-07-21T12:37:47.347100,2.9903709228691596e-42,-404185088.0,-4.165091346453797e+21,1.4982591446428215e-30,nan,0,0
2025-07-21T12:37:47.354318,3.012791698298357e-42,-404185088.0,-4.165091346453797e+21,1.4982591446428215e-30,nan,0,0
2025-07-21T12:37:47.361535,3.035212473727554e-42,-212549632.0,-4.571824207765569e+22,1.1986265750137011e-29,nan,0,0
2025-07-21T12:37:47.369112,3.057633249156751e-42,-212549632.0,-4.571824207765569e+22,1.1986265750137011e-29,nan,0,0
2025-07-21T12:37:47.376160,3.080054024585948e-42,-102490112.0,-2.2331722050505032e+24,2.7728961560304106e-29,nan,0,0
2025-07-21T12:37:47.383333,3.10387609847947e-42,-102490112.0,-2.2331722050505032e+24,2.7728961560304106e-29,nan,0,0
2025-07-21T12:37:47.390608,3.126296873908667e-42,-102490112.0,-2.2331722050505032e+24,2.7728961560304106e-29,nan,0,0
2025-07-21T12:37:47.397705,3.148717649337864e-42,-30828544.0,-2.8786226768437206e+27,2.0308642374071744e-29,nan,0,0
2025-07-21T12:37:47.404708,3.171138424767061e-42,-30828544.0,-2.8786226768437206e+27,2.0308642374071744e-29,nan,0,0
2025-07-21T12:37:47.412103,3.194960498660583e-42,-7969408.0,-1.755252091219586e+31,9.488142019272327e-30,nan,0,0
2025-07-21T12:37:47.419122,3.21738127408978e-42,-7969408.0,-1.755252091219586e+31,9.488142019272327e-30,nan,0,0
2025-07-21T12:37:47.426544,3.239802049518977e-42,-2116800.0,-5.23187974370297e+34,2.957566356160411e-30,nan,0,0
2025-07-21T12:37:47.434344,3.262222824948174e-42,-2116800.0,-5.23187974370297e+34,2.957566356160411e-30,nan,0,0
2025-07-21T12:37:47.441343,3.284643600377371e-42,-2116800.0,-5.23187974370297e+34,2.957566356160411e-30,nan,0,0
2025-07-21T12:37:47.448345,3.308465674270893e-42,-1020512.0,nan,1.3898774370224298e-30,nan,0,0
2025-07-21T12:37:47.455645,3.33088644970009e-42,-1020512.0,nan,1.3898774370224298e-30,nan,0,0
2025-07-21T12:37:47.462577,3.353307225129287e-42,-771808.0,7.64054198562059e-37,2.304146662357528e-30,nan,0,0
2025-07-21T12:37:47.470309,3.3757280005584843e-42,-771808.0,7.64054198562059e-37,2.304146662357528e-30,nan,0,0
2025-07-21T12:37:47.477783,3.3981487759876814e-42,-771808.0,7.64054198562059e-37,2.304146662357528e-30,nan,0,0
2025-07-21T12:37:47.484922,3.421970849881203e-42,-704160.0,8.098752574954317e-35,1.5269255586220872e-29,nan,0,0
2025-07-21T12:37:47.491940,3.4443916253104004e-42,-704160.0,8.098752574954317e-35,1.5269255586220872e-29,nan,0,0
2025-07-21T12:37:47.500080,3.4668124007395974e-42,-721408.0,2.7778931687036975e-33,1.6458613322450655e-28,nan,0,0
2025-07-21T12:37:47.508062,3.4892331761687945e-42,-721408.0,2.7778931687036975e-33,1.6458613322450655e-28,nan,0,0
2025-07-21T12:37:47.515226,3.5116539515979916e-42,-721408.0,2.7778931687036975e-33,1.6458613322450655e-28,nan,0,0
2025-07-21T12:37:47.522578,3.5354760254915135e-42,-966064.0,4.965029896458146e-33,1.671214346255352e-27,nan,0,0
2025-07-21T12:37:47.529801,3.5578968009207105e-42,-966064.0,4.965029896458146e-33,1.671214346255352e-27,nan,0,0
2025-07-21T12:37:47.537156,3.5803175763499076e-42,-1634208.0,7.348985429007028e-34,9.704025284528526e-27,nan,0,0
2025-07-21T12:37:47.544661,3.602738351779105e-42,-1634208.0,7.348985429007028e-34,9.704025284528526e-27,nan,0,0
2025-07-21T12:37:47.551860,3.6265604256726266e-42,-2422400.0,2.4526141486789336e-35,2.315829531247774e-26,nan,0,0
2025-07-21T12:37:47.558904,3.6489812011018237e-42,-2422400.0,2.4526141486789336e-35,2.315829531247774e-26,nan,0,0
2025-07-21T12:37:47.566680,3.671401976531021e-42,-2422400.0,2.4526141486789336e-35,2.315829531247774e-26,nan,0,0
2025-07-21T12:37:47.574731,3.693822751960218e-42,-3236032.0,1.3616048131880683e-36,2.6674963657429136e-27,nan,0,0
2025-07-21T12:37:47.582207,3.716243527389415e-42,-3236032.0,1.3616048131880683e-36,2.6674963657429136e-27,nan,0,0
2025-07-21T12:37:47.589431,3.740065601282937e-42,-2168704.0,3.458080181333188e-37,1.8338012799381496e-28,nan,0,0
2025-07-21T12:37:47.596606,3.762486376712134e-42,-2168704.0,3.458080181333188e-37,1.8338012799381496e-28,nan,0,0
2025-07-21T12:37:47.603705,3.784907152141331e-42,-2168704.0,3.458080181333188e-37,1.8338012799381496e-28,nan,0,0
2025-07-21T12:37:47.610704,3.807327927570528e-42,-993216.0,8.649505242215376e-38,4.0554551341786996e-30,nan,0,0
2025-07-21T12:37:47.617798,3.829748702999725e-42,-993216.0,8.649505242215376e-38,4.0554551341786996e-30,nan,0,0
2025-07-21T12:37:47.625203,3.853570776893247e-42,-351264.0,3.966020214240535e-38,1.7372566358613292e-31,nan,0,0
2025-07-21T12:37:47.632313,3.875991552322444e-42,-351264.0,3.966020214240535e-38,1.7372566358613292e-31,nan,0,0
2025-07-21T12:37:47.639906,3.898412327751641e-42,-108750.0,2.354594242593283e-38,9.381997306788909e-33,nan,0,0
2025-07-21T12:37:47.647148,3.920833103180838e-42,-108750.0,2.354594242593283e-38,9.381997306788909e-33,nan,0,0
2025-07-21T12:37:47.654142,3.943253878610035e-42,-108750.0,2.354594242593283e-38,9.381997306788909e-33,nan,0,0
2025-07-21T12:37:47.661512,3.967075952503557e-42,-44733.0,2.422003593115751e-37,1.3612754473334921e-33,nan,0,0
2025-07-21T12:37:47.668949,3.989496727932754e-42,-44733.0,2.422003593115751e-37,1.3612754473334921e-33,nan,0,0
2025-07-21T12:37:47.676219,4.011917503361951e-42,-26268.5,4.274598321776305e-36,2.3646981340997803e-34,nan,0,0
2025-07-21T12:37:47.683920,4.0343382787911483e-42,-26268.5,4.274598321776305e-36,2.3646981340997803e-34,nan,0,0
2025-07-21T12:37:47.691193,4.05816035268467e-42,-26268.5,4.274598321776305e-36,2.3646981340997803e-34,nan,0,0
2025-07-21T12:37:47.698655,4.080581128113867e-42,-15742.0,3.9930994954315414e-35,5.965818075387276e-35,nan,0,0
2025-07-21T12:37:47.706144,4.1030019035430644e-42,-15742.0,3.9930994954315414e-35,5.965818075387276e-35,nan,0,0
2025-07-21T12:37:47.713359,4.1254226789722615e-42,-9561.75,1.6731473458769658e-34,9.752241643222295e-36,nan,0,0
2025-07-21T12:37:47.720366,4.1478434544014585e-42,-9561.75,1.6731473458769658e-34,9.752241643222295e-36,nan,0,0
2025-07-21T12:37:47.728284,4.1716655282949804e-42,-5994.875,3.354817025797393e-34,2.427682999739721e-36,nan,0,0
2025-07-21T12:37:47.735528,4.1940863037241775e-42,-5994.875,3.354817025797393e-34,2.427682999739721e-36,nan,0,0
2025-07-21T12:37:47.742874,4.2165070791533746e-42,-5994.875,3.354817025797393e-34,2.427682999739721e-36,nan,0,0
2025-07-21T12:37:47.758902,4.2389278545825716e-42,-3563.625,3.749430479368435e-34,7.564548112549852e-37,nan,0,0
2025-07-21T12:37:47.766179,4.261348630011769e-42,-3563.625,3.749430479368435e-34,7.564548112549852e-37,nan,0,0
2025-07-21T12:37:47.773390,4.2851707039052906e-42,-1802.78125,4.036912546130151e-34,2.1833460974751713e-37,nan,0,0
2025-07-21T12:37:47.780391,4.3075914793344877e-42,-1802.78125,4.036912546130151e-34,2.1833460974751713e-37,nan,0,0
2025-07-21T12:37:47.787360,4.330012254763685e-42,-1802.78125,4.036912546130151e-34,2.1833460974751713e-37,nan,0,0
2025-07-21T12:37:47.794193,4.352433030192882e-42,-826.25,1.6397633063136128e-34,1.0503417225063559e-38,nan,0,0
2025-07-21T12:37:47.801227,4.374853805622079e-42,-826.25,1.6397633063136128e-34,1.0503417225063559e-38,nan,0,0
2025-07-21T12:37:47.808235,4.398675879515601e-42,-287.5,3.8334526689104894e-35,-4.2277926189859896e+35,nan,0,0
2025-07-21T12:37:47.815504,4.421096654944798e-42,-287.5,3.8334526689104894e-35,-4.2277926189859896e+35,nan,0,0
2025-07-21T12:37:47.823140,4.443517430373995e-42,-86.4609375,6.351205878507249e-36,-5.808763439425963e+30,nan,0,0
2025-07-21T12:37:47.830272,4.465938205803192e-42,-86.4609375,6.351205878507249e-36,-5.808763439425963e+30,nan,0,0
2025-07-21T12:37:47.837499,4.489760279696714e-42,-86.4609375,6.351205878507249e-36,-5.808763439425963e+30,nan,0,0
2025-07-21T12:37:47.844688,4.512181055125911e-42,-29.876953125,5.356787808502074e-36,-9.641524012109245e+27,nan,0,0
2025-07-21T12:37:47.852614,4.534601830555108e-42,-29.876953125,5.356787808502074e-36,-9.641524012109245e+27,nan,0,0
2025-07-21T12:37:47.860423,4.557022605984305e-42,-17.669921875,1.0092032979006863e-35,-1.2892592686800658e+26,nan,0,0
2025-07-21T12:37:47.868030,4.579443381413502e-42,-17.669921875,1.0092032979006863e-35,-1.2892592686800658e+26,nan,0,0
2025-07-21T12:37:47.875654,4.603265455307024e-42,-17.669921875,1.0092032979006863e-35,-1.2892592686800658e+26,nan,0,0
2025-07-21T12:37:47.883799,4.625686230736221e-42,-14.65087890625,1.3565665420899615e-35,-4.704233621675565e+24,nan,0,0
2025-07-21T12:37:47.891884,4.648107006165418e-42,-14.65087890625,1.3565665420899615e-35,-4.704233621675565e+24,nan,0,0
2025-07-21T12:37:47.899974,4.670527781594615e-42,-12.3203125,9.304084421971298e-36,-3.37577758420691e+23,nan,0,0
2025-07-21T12:37:47.908392,4.6929485570238124e-42,-12.3203125,9.304084421971298e-36,-3.37577758420691e+23,nan,0,0
2025-07-21T12:37:47.916747,4.716770630917334e-42,-12.3203125,9.304084421971298e-36,-3.37577758420691e+23,nan,0,0
2025-07-21T12:37:47.925753,4.7391914063465313e-42,-7.718994140625,3.178817181619154e-36,-4.561102037772725e+22,nan,0,0
2025-07-21T12:37:47.933983,4.7616121817757284e-42,-7.718994140625,3.178817181619154e-36,-4.561102037772725e+22,nan,0,0
2025-07-21T12:37:47.942312,4.7840329572049255e-42,-4.5875244140625,9.648065931634278e-37,-1.1735525648685754e+21,nan,0,0
2025-07-21T12:37:47.950691,4.8078550310984474e-42,-4.5875244140625,9.648065931634278e-37,-1.1735525648685754e+21,nan,0,0
2025-07-21T12:37:47.959330,4.8302758065276444e-42,-2.168212890625,2.976862181465314e-37,-8.282436923838956e+18,nan,0,0
2025-07-21T12:37:47.968182,4.8526965819568415e-42,-2.168212890625,2.976862181465314e-37,-8.282436923838956e+18,nan,0,0
2025-07-21T12:37:47.976002,4.8751173573860386e-42,-2.168212890625,2.976862181465314e-37,-8.282436923838956e+18,nan,0,0
2025-07-21T12:37:47.983862,4.8975381328152357e-42,-0.940277099609375,7.206683501795686e-38,-212657806245888.0,nan,0,0
2025-07-21T12:37:47.992091,4.9213602067087576e-42,-0.940277099609375,7.206683501795686e-38,-212657806245888.0,nan,0,0
2025-07-21T12:37:48.000671,4.9437809821379546e-42,-0.36957550048828125,1.200650600983693e-38,-164582416.0,nan,0,0
2025-07-21T12:37:48.009089,4.966201757567152e-42,-0.36957550048828125,1.200650600983693e-38,-164582416.0,nan,0,0
2025-07-21T12:37:48.017891,4.988622532996349e-42,-0.36957550048828125,1.200650600983693e-38,-164582416.0,nan,0,0
2025-07-21T12:37:48.025849,5.011043308425546e-42,-0.12329864501953125,-6.730547761791376e+37,-25.0567626953125,nan,0,0
2025-07-21T12:37:48.033472,5.034865382319068e-42,-0.12329864501953125,-6.730547761791376e+37,-25.0567626953125,nan,0,0
2025-07-21T12:37:48.041802,5.057286157748265e-42,-0.054645538330078125,-5.888313493236952e+35,-3.4005061024799943e-06,nan,0,0
2025-07-21T12:37:48.049779,5.079706933177462e-42,-0.054645538330078125,-5.888313493236952e+35,-3.4005061024799943e-06,nan,0,0
2025-07-21T12:37:48.057733,5.102127708606659e-42,-0.028139114379882812,-2.805568579318253e+33,-3.2984309727979166e-12,nan,0,0
2025-07-21T12:37:48.065728,5.124548484035856e-42,-0.028139114379882812,-2.805568579318253e+33,-3.2984309727979166e-12,nan,0,0
2025-07-21T12:37:48.073657,5.148370557929378e-42,-0.028139114379882812,-2.805568579318253e+33,-3.2984309727979166e-12,nan,0,0
2025-07-21T12:37:48.081324,5.170791333358575e-42,-0.021375179290771484,-5.554676246362639e+30,-1.104402214211625e-15,nan,0,0
2025-07-21T12:37:48.088351,5.193212108787772e-42,-0.021375179290771484,-5.554676246362639e+30,-1.104402214211625e-15,nan,0,0
2025-07-21T12:37:48.095965,5.215632884216969e-42,-0.023471832275390625,-4.227557217942469e+27,-8.32535978362043e-17,nan,0,0
2025-07-21T12:37:48.103502,5.239454958110491e-42,-0.023471832275390625,-4.227557217942469e+27,-8.32535978362043e-17,nan,0,0
2025-07-21T12:37:48.110951,5.261875733539688e-42,-0.023471832275390625,-4.227557217942469e+27,-8.32535978362043e-17,nan,0,0
2025-07-21T12:37:48.118131,5.284296508968885e-42,-0.05067253112792969,-1.1021607486596108e+24,-1.1396387848174039e-15,nan,0,0
2025-07-21T12:37:48.125368,5.306717284398082e-42,-0.05067253112792969,-1.1021607486596108e+24,-1.1396387848174039e-15,nan,0,0
2025-07-21T12:37:48.132577,5.3291380598272793e-42,-0.11518478393554688,-1.3439699182603679e+20,-2.5455007025831922e-14,nan,0,0
2025-07-21T12:37:48.139703,5.352960133720801e-42,-0.11518478393554688,-1.3439699182603679e+20,-2.5455007025831922e-14,nan,0,0
2025-07-21T12:37:48.147047,5.375380909149998e-42,-0.23052597045898438,-8969988194959360.0,-2.4686676314278344e-13,nan,0,0
2025-07-21T12:37:48.154031,5.3978016845791954e-42,-0.23052597045898438,-8969988194959360.0,-2.4686676314278344e-13,nan,0,0
2025-07-21T12:37:48.161572,5.4202224600083924e-42,-0.23052597045898438,-8969988194959360.0,-2.4686676314278344e-13,nan,0,0
2025-07-21T12:37:48.168778,5.4426432354375895e-42,-0.39373016357421875,-750063255552.0,-2.984574393183337e-13,nan,0,0
2025-07-21T12:37:48.177249,5.4664653093311114e-42,-0.39373016357421875,-750063255552.0,-2.984574393183337e-13,nan,0,0
2025-07-21T12:37:48.184426,5.4888860847603085e-42,-0.58892822265625,-206038032.0,-2.4041207392910824e-14,nan,0,0
2025-07-21T12:37:48.192031,5.5113068601895055e-42,-0.58892822265625,-206038032.0,-2.4041207392910824e-14,nan,0,0
2025-07-21T12:37:48.198916,5.5337276356187026e-42,-0.58892822265625,-206038032.0,-2.4041207392910824e-14,nan,0,0
2025-07-21T12:37:48.206427,5.5561484110479e-42,-0.6045074462890625,-3067984.25,-1.0730933353822643e-16,nan,0,0
2025-07-21T12:37:48.213656,5.5799704849414216e-42,-0.6045074462890625,-3067984.25,-1.0730933353822643e-16,nan,0,0
2025-07-21T12:37:48.220799,5.6023912603706186e-42,-0.59808349609375,-771572.0625,-4.0900979363450145e-20,nan,0,0
2025-07-21T12:37:48.228262,5.624812035799816e-42,-0.59808349609375,-771572.0625,-4.0900979363450145e-20,nan,0,0
2025-07-21T12:37:48.239852,5.647232811229013e-42,-0.492156982421875,-1010212.0625,-1.3657075535548245e-24,nan,0,0
2025-07-21T12:37:48.250928,5.671054885122535e-42,-0.492156982421875,-1010212.0625,-1.3657075535548245e-24,nan,0,0
2025-07-21T12:37:48.260652,5.693475660551732e-42,-0.492156982421875,-1010212.0625,-1.3657075535548245e-24,nan,0,0
2025-07-21T12:37:48.267711,5.715896435980929e-42,-0.34159088134765625,-2421392.25,-4.339818314309283e-30,nan,0,0
2025-07-21T12:37:48.275268,5.738317211410126e-42,-0.34159088134765625,-2421392.25,-4.339818314309283e-30,nan,0,0
2025-07-21T12:37:48.283293,5.760737986839323e-42,-0.21994781494140625,-2762256.25,-2.15098247044949e-36,nan,0,0
2025-07-21T12:37:48.290338,5.784560060732845e-42,-0.21994781494140625,-2762256.25,-2.15098247044949e-36,nan,0,0
2025-07-21T12:37:48.297398,5.806980836162042e-42,-0.21994781494140625,-2762256.25,-2.15098247044949e-36,nan,0,0
2025-07-21T12:37:48.304806,5.829401611591239e-42,-0.10967636108398438,-9613377.0,3.989657917409709e+32,nan,0,0
2025-07-21T12:37:48.311827,5.851822387020436e-42,-0.10967636108398438,-9613377.0,3.989657917409709e+32,nan,0,0
2025-07-21T12:37:48.319666,5.874243162449633e-42,-0.05943870544433594,-13283905.0,2.281530776985297e+22,nan,0,0
2025-07-21T12:37:48.326834,5.898065236343155e-42,-0.05943870544433594,-13283905.0,2.281530776985297e+22,nan,0,0
2025-07-21T12:37:48.333880,5.920486011772352e-42,-0.05943870544433594,-13283905.0,2.281530776985297e+22,nan,0,0
2025-07-21T12:37:48.341191,5.942906787201549e-42,-0.04467296600341797,-7731744.5,3034119516717056.0,nan,0,0
2025-07-21T12:37:48.348453,5.965327562630746e-42,-0.04467296600341797,-7731744.5,3034119516717056.0,nan,0,0
2025-07-21T12:37:48.356064,5.987748338059943e-42,-0.038970947265625,-4942624.5,152266866688.0,nan,0,0
2025-07-21T12:37:48.362937,6.011570411953465e-42,-0.038970947265625,-4942624.5,152266866688.0,nan,0,0
2025-07-21T12:37:48.369955,6.033991187382662e-42,-0.04356098175048828,-4026000.25,4594630656.0,nan,0,0
2025-07-21T12:37:48.377721,6.05641196281186e-42,-0.04356098175048828,-4026000.25,4594630656.0,nan,0,0
2025-07-21T12:37:48.384521,6.078832738241056e-42,-0.04356098175048828,-4026000.25,4594630656.0,nan,0,0
2025-07-21T12:37:48.391455,6.102654812134578e-42,-0.06146049499511719,-2616336.25,254159093760.0,nan,0,0
2025-07-21T12:37:48.399167,6.125075587563775e-42,-0.06146049499511719,-2616336.25,254159093760.0,nan,0,0
2025-07-21T12:37:48.405960,6.147496362992972e-42,-0.11075210571289062,-620692.0625,28477914873856.0,nan,0,0
2025-07-21T12:37:48.412778,6.16991713842217e-42,-0.11075210571289062,-620692.0625,28477914873856.0,nan,0,0
2025-07-21T12:37:48.419986,6.192337913851367e-42,-0.11075210571289062,-620692.0625,28477914873856.0,nan,0,0
2025-07-21T12:37:48.427348,6.216159987744889e-42,-0.24014663696289062,-155841.015625,1428068035985408.0,nan,0,0
2025-07-21T12:37:48.434555,6.238580763174086e-42,-0.24014663696289062,-155841.015625,1428068035985408.0,nan,0,0
2025-07-21T12:37:48.441407,6.261001538603283e-42,-0.5889739990234375,-55587.25390625,1.7030665456110797e+17,nan,0,0
2025-07-21T12:37:48.448471,6.28342231403248e-42,-0.5889739990234375,-55587.25390625,1.7030665456110797e+17,nan,0,0
2025-07-21T12:37:48.455743,6.305843089461677e-42,-1.480987548828125,-32577.626953125,1.2381802750525047e+20,nan,0,0
2025-07-21T12:37:48.462852,6.329665163355199e-42,-1.480987548828125,-32577.626953125,1.2381802750525047e+20,nan,0,0
2025-07-21T12:37:48.469696,6.352085938784396e-42,-1.480987548828125,-32577.626953125,1.2381802750525047e+20,nan,0,0
2025-07-21T12:37:48.476559,6.374506714213593e-42,-3.1661376953125,-95080.5078125,3.8720638147920034e+24,nan,0,0
2025-07-21T12:37:48.483596,6.39692748964279e-42,-3.1661376953125,-95080.5078125,3.8720638147920034e+24,nan,0,0
2025-07-21T12:37:48.490678,6.419348265071987e-42,-6.10009765625,-212569.015625,7.352573498100586e+27,nan,0,0
2025-07-21T12:37:48.497788,6.443170338965509e-42,-6.10009765625,-212569.015625,7.352573498100586e+27,nan,0,0
2025-07-21T12:37:48.505155,6.465591114394706e-42,-6.10009765625,-212569.015625,7.352573498100586e+27,nan,0,0
2025-07-21T12:37:48.511986,6.488011889823903e-42,-7.4881591796875,-162109.015625,4.241062890935571e+28,nan,0,0
2025-07-21T12:37:48.519342,6.5104326652531e-42,-7.4881591796875,-162109.015625,4.241062890935571e+28,nan,0,0
2025-07-21T12:37:48.526448,6.534254739146622e-42,-7.4083251953125,-46220.25390625,1.9376134131737195e+28,nan,0,0
2025-07-21T12:37:48.533450,6.556675514575819e-42,-7.4083251953125,-46220.25390625,1.9376134131737195e+28,nan,0,0
2025-07-21T12:37:48.540666,6.579096290005016e-42,-7.8260498046875,-13251.8134765625,1.118427568928536e+26,nan,0,0
2025-07-21T12:37:48.547959,6.601517065434213e-42,-7.8260498046875,-13251.8134765625,1.118427568928536e+26,nan,0,0
2025-07-21T12:37:48.555467,6.62393784086341e-42,-7.8260498046875,-13251.8134765625,1.118427568928536e+26,nan,0,0
2025-07-21T12:37:48.562712,6.647759914756932e-42,-10.156005859375,-12180.3134765625,2.0879552563618075e+22,nan,0,0
2025-07-21T12:37:48.569956,6.670180690186129e-42,-10.156005859375,-12180.3134765625,2.0879552563618075e+22,nan,0,0
2025-07-21T12:37:48.577311,6.692601465615326e-42,-11.573974609375,-14607.3134765625,1.3938992690432573e+19,nan,0,0
2025-07-21T12:37:48.584651,6.715022241044523e-42,-11.573974609375,-14607.3134765625,1.3938992690432573e+19,nan,0,0
2025-07-21T12:37:48.591647,6.73744301647372e-42,-11.573974609375,-14607.3134765625,1.3938992690432573e+19,nan,0,0
2025-07-21T12:37:48.598701,6.761265090367242e-42,-12.451904296875,-10426.5634765625,997364420575232.0,nan,0,0
2025-07-21T12:37:48.605994,6.78368586579644e-42,-12.451904296875,-10426.5634765625,997364420575232.0,nan,0,0
2025-07-21T12:37:48.613105,6.806106641225637e-42,-12.66796875,-6111.65673828125,57894240256.0,nan,0,0
2025-07-21T12:37:48.620336,6.828527416654834e-42,-12.66796875,-6111.65673828125,57894240256.0,nan,0,0
2025-07-21T12:37:48.627808,6.850948192084031e-42,-12.66796875,-6111.65673828125,57894240256.0,nan,0,0
2025-07-21T12:37:48.635264,6.874770265977553e-42,-11.861328125,-3892.453369140625,14167872.0,nan,0,0
2025-07-21T12:37:48.642543,6.89719104140675e-42,-11.861328125,-3892.453369140625,14167872.0,nan,0,0
2025-07-21T12:37:48.649870,6.919611816835947e-42,-10.654296875,-1403.6016845703125,20079.125,nan,0,0
2025-07-21T12:37:48.657458,6.942032592265144e-42,-10.654296875,-1403.6016845703125,20079.125,nan,0,0
2025-07-21T12:37:48.665263,6.965854666158666e-42,-10.256103515625,-637.9727172851562,549.31640625,nan,0,0
2025-07-21T12:37:48.672773,6.988275441587863e-42,-10.256103515625,-637.9727172851562,549.31640625,nan,0,0
2025-07-21T12:37:48.680016,7.01069621701706e-42,-10.256103515625,-637.9727172851562,549.31640625,nan,0,0
2025-07-21T12:37:48.687290,7.033116992446257e-42,-11.1484375,-873.3633422851562,77.99658203125,nan,0,0
2025-07-21T12:37:48.694983,7.055537767875454e-42,-11.1484375,-873.3633422851562,77.99658203125,nan,0,0
2025-07-21T12:37:48.702068,7.079359841768976e-42,-12.253662109375,-1379.7891845703125,19.4263916015625,nan,0,0
2025-07-21T12:37:48.709584,7.101780617198173e-42,-12.253662109375,-1379.7891845703125,19.4263916015625,nan,0,0
2025-07-21T12:37:48.716746,7.12420139262737e-42,-12.253662109375,-1379.7891845703125,19.4263916015625,nan,0,0
2025-07-21T12:37:48.723846,7.146622168056567e-42,-12.118408203125,-2185.640869140625,3.3111114501953125,nan,0,0
2025-07-21T12:37:48.730761,7.169042943485764e-42,-12.118408203125,-2185.640869140625,3.3111114501953125,nan,0,0
2025-07-21T12:37:48.737963,7.192865017379286e-42,-10.2646484375,-2986.140869140625,0.7705268859863281,nan,0,0
2025-07-21T12:37:48.745390,7.215285792808483e-42,-10.2646484375,-2986.140869140625,0.7705268859863281,nan,0,0
2025-07-21T12:37:48.752567,7.23770656823768e-42,-7.6324462890625,-3159.453369140625,0.9853858947753906,nan,0,0
2025-07-21T12:37:48.759685,7.260127343666877e-42,-7.6324462890625,-3159.453369140625,0.9853858947753906,nan,0,0
2025-07-21T12:37:48.767182,7.282548119096074e-42,-7.6324462890625,-3159.453369140625,0.9853858947753906,nan,0,0
2025-07-21T12:37:48.774662,7.306370192989596e-42,-6.1846923828125,-1833.7266845703125,100.89697265625,nan,0,0
2025-07-21T12:37:48.781653,7.328790968418793e-42,-6.1846923828125,-1833.7266845703125,100.89697265625,nan,0,0
2025-07-21T12:37:48.788861,7.35121174384799e-42,-5.971435546875,-790.7070922851562,38380.25,nan,0,0
2025-07-21T12:37:48.796137,7.373632519277187e-42,-5.971435546875,-790.7070922851562,38380.25,nan,0,0
2025-07-21T12:37:48.803037,7.397454593170709e-42,-5.971435546875,-790.7070922851562,38380.25,nan,0,0
2025-07-21T12:37:48.810139,7.419875368599906e-42,-7.7315673828125,-146.37599182128906,25464448.0,nan,0,0
2025-07-21T12:37:48.817380,7.442296144029103e-42,-7.7315673828125,-146.37599182128906,25464448.0,nan,0,0
2025-07-21T12:37:48.824299,7.4647169194583e-42,-13.985595703125,-47.039310455322266,2032705536.0,nan,0,0
2025-07-21T12:37:48.831045,7.487137694887498e-42,-13.985595703125,-47.039310455322266,2032705536.0,nan,0,0
2025-07-21T12:37:48.837875,7.51095976878102e-42,-25.2880859375,-19.118776321411133,345453363200.0,nan,0,0
2025-07-21T12:37:48.844969,7.533380544210217e-42,-25.2880859375,-19.118776321411133,345453363200.0,nan,0,0
2025-07-21T12:37:48.852070,7.555801319639414e-42,-25.2880859375,-19.118776321411133,345453363200.0,nan,0,0
2025-07-21T12:37:48.859215,7.578222095068611e-42,-40.107421875,-6.868317127227783,317237021900800.0,nan,0,0
2025-07-21T12:37:48.866812,7.600642870497808e-42,-40.107421875,-6.868317127227783,317237021900800.0,nan,0,0
2025-07-21T12:37:48.873609,7.62446494439133e-42,-63.0615234375,-2.4830477237701416,1.7443820694142976e+16,nan,0,0
2025-07-21T12:37:48.880690,7.646885719820527e-42,-63.0615234375,-2.4830477237701416,1.7443820694142976e+16,nan,0,0
2025-07-21T12:37:48.887710,7.669306495249724e-42,-63.0615234375,-2.4830477237701416,1.7443820694142976e+16,nan,0,0
2025-07-21T12:37:48.896150,7.691727270678921e-42,-86.99609375,-1.6635819673538208,1.892548133204787e+16,nan,0,0
2025-07-21T12:37:48.903242,7.715549344572443e-42,-86.99609375,-1.6635819673538208,1.892548133204787e+16,nan,0,0
2025-07-21T12:37:48.910392,7.73797012000164e-42,-102.07421875,-3.7650301456451416,1.3394869124857856e+16,nan,0,0
2025-07-21T12:37:48.917637,7.760390895430837e-42,-102.07421875,-3.7650301456451416,1.3394869124857856e+16,nan,0,0
2025-07-21T12:37:48.924929,7.782811670860034e-42,-106.38671875,-15.879944801330566,4095148237520896.0,nan,0,0
2025-07-21T12:37:48.932123,7.805232446289231e-42,-106.38671875,-15.879944801330566,4095148237520896.0,nan,0,0
2025-07-21T12:37:48.939771,7.829054520182753e-42,-106.38671875,-15.879944801330566,4095148237520896.0,nan,0,0
2025-07-21T12:37:48.946813,7.85147529561195e-42,-87.966796875,-86.85401153564453,3813535821856768.0,nan,0,0
2025-07-21T12:37:48.953991,7.873896071041147e-42,-87.966796875,-86.85401153564453,3813535821856768.0,nan,0,0
2025-07-21T12:37:48.961088,7.896316846470344e-42,-64.439453125,-367.3457336425781,1.298145275281408e+16,nan,0,0
2025-07-21T12:37:48.968578,7.918737621899541e-42,-64.439453125,-367.3457336425781,1.298145275281408e+16,nan,0,0
2025-07-21T12:37:48.976249,7.942559695793063e-42,-64.439453125,-367.3457336425781,1.298145275281408e+16,nan,0,0
2025-07-21T12:37:48.983284,7.96498047122226e-42,-56.8359375,-954.6602172851562,2.624853113873367e+17,nan,0,0
2025-07-21T12:37:48.990706,7.987401246651457e-42,-56.8359375,-954.6602172851562,2.624853113873367e+17,nan,0,0
2025-07-21T12:37:48.998995,8.009822022080654e-42,-50.205078125,-1765.1954345703125,1.633830298410025e+18,nan,0,0
2025-07-21T12:37:49.006846,8.032242797509851e-42,-50.205078125,-1765.1954345703125,1.633830298410025e+18,nan,0,0
2025-07-21T12:37:49.014073,8.056064871403373e-42,-50.205078125,-1765.1954345703125,1.633830298410025e+18,nan,0,0
2025-07-21T12:37:49.021515,8.07848564683257e-42,-35.296875,-1714.2579345703125,7.307970004710851e+18,nan,0,0
2025-07-21T12:37:49.028730,8.100906422261767e-42,-35.296875,-1714.2579345703125,7.307970004710851e+18,nan,0,0
2025-07-21T12:37:49.035806,8.123327197690965e-42,-25.07275390625,-990.0664672851562,7.734087935078695e+19,nan,0,0
2025-07-21T12:37:49.042861,8.147149271584486e-42,-25.07275390625,-990.0664672851562,7.734087935078695e+19,nan,0,0
2025-07-21T12:37:49.050146,8.169570047013684e-42,-19.4462890625,-468.9160461425781,3.73413711303611e+20,nan,0,0
2025-07-21T12:37:49.057169,8.19199082244288e-42,-19.4462890625,-468.9160461425781,3.73413711303611e+20,nan,0,0
2025-07-21T12:37:49.064415,8.214411597872078e-42,-19.4462890625,-468.9160461425781,3.73413711303611e+20,nan,0,0
2025-07-21T12:37:49.071593,8.236832373301275e-42,-17.29345703125,-381.0566711425781,4.837794867219058e+19,nan,0,0
2025-07-21T12:37:49.078653,8.260654447194797e-42,-17.29345703125,-381.0566711425781,4.837794867219058e+19,nan,0,0
2025-07-21T12:37:49.085971,8.283075222623994e-42,-15.3994140625,-467.9941711425781,8.957413368235295e+18,nan,0,0
2025-07-21T12:37:49.093082,8.305495998053191e-42,-15.3994140625,-467.9941711425781,8.957413368235295e+18,nan,0,0
2025-07-21T12:37:49.100416,8.327916773482388e-42,-15.3994140625,-467.9941711425781,8.957413368235295e+18,nan,0,0
2025-07-21T12:37:49.115367,8.350337548911585e-42,-15.01416015625,-858.1445922851562,4.66890020549034e+17,nan,0,0
2025-07-21T12:37:49.124929,8.374159622805107e-42,-15.01416015625,-858.1445922851562,4.66890020549034e+17,nan,0,0
2025-07-21T12:37:49.132007,8.396580398234304e-42,-13.77294921875,-1766.7891845703125,6032230027624448.0,nan,0,0
2025-07-21T12:37:49.138928,8.419001173663501e-42,-13.77294921875,-1766.7891845703125,6032230027624448.0,nan,0,0
2025-07-21T12:37:49.146194,8.441421949092698e-42,-11.216064453125,-3237.265869140625,63074010660864.0,nan,0,0
2025-07-21T12:37:49.153018,8.463842724521895e-42,-11.216064453125,-3237.265869140625,63074010660864.0,nan,0,0
2025-07-21T12:37:49.159842,8.487664798415417e-42,-11.216064453125,-3237.265869140625,63074010660864.0,nan,0,0
2025-07-21T12:37:49.167035,8.510085573844614e-42,-7.827392578125,-3341.515869140625,5954737274880.0,nan,0,0
2025-07-21T12:37:49.174019,8.532506349273811e-42,-7.827392578125,-3341.515869140625,5954737274880.0,nan,0,0
2025-07-21T12:37:49.180686,8.554927124703008e-42,-6.5364990234375,-3413.453369140625,1720176345088.0,nan,0,0
2025-07-21T12:37:49.187333,8.57874919859653e-42,-6.5364990234375,-3413.453369140625,1720176345088.0,nan,0,0
2025-07-21T12:37:49.194565,8.601169974025727e-42,-6.5364990234375,-3413.453369140625,1720176345088.0,nan,0,0
2025-07-21T12:37:49.201576,8.623590749454924e-42,-6.0330810546875,-2563.390869140625,2674103681024.0,nan,0,0
2025-07-21T12:37:49.209077,8.646011524884121e-42,-6.0330810546875,-2563.390869140625,2674103681024.0,nan,0,0
2025-07-21T12:37:49.216457,8.668432300313318e-42,-5.918701171875,-1096.8829345703125,4931729752064.0,nan,0,0
2025-07-21T12:37:49.223836,8.69225437420684e-42,-5.918701171875,-1096.8829345703125,4931729752064.0,nan,0,0
2025-07-21T12:37:49.230481,8.714675149636037e-42,-5.7462158203125,-254.88771057128906,22069286797312.0,nan,0,0
2025-07-21T12:37:49.237498,8.737095925065234e-42,-5.7462158203125,-254.88771057128906,22069286797312.0,nan,0,0
2025-07-21T12:37:49.244247,8.759516700494432e-42,-5.7462158203125,-254.88771057128906,22069286797312.0,nan,0,0
2025-07-21T12:37:49.251196,8.781937475923629e-42,-5.2056884765625,-41.948490142822266,137791677661184.0,nan,0,0
2025-07-21T12:37:49.258937,8.80575954981715e-42,-5.2056884765625,-41.948490142822266,137791677661184.0,nan,0,0
2025-07-21T12:37:49.265996,8.828180325246348e-42,-4.3333740234375,-5.913239002227783,1893608131133440.0,nan,0,0
2025-07-21T12:37:49.272988,8.850601100675545e-42,-4.3333740234375,-5.913239002227783,1893608131133440.0,nan,0,0
2025-07-21T12:37:49.280526,8.873021876104742e-42,-4.3333740234375,-5.913239002227783,1893608131133440.0,nan,0,0
2025-07-21T12:37:49.287723,8.895442651533939e-42,-3.49639892578125,-1.1557694673538208,1.092414280218706e+17,nan,0,0
2025-07-21T12:37:49.295263,8.919264725427461e-42,-3.49639892578125,-1.1557694673538208,1.092414280218706e+17,nan,0,0
2025-07-21T12:37:49.302376,8.941685500856658e-42,-2.82183837890625,-0.22090627253055573,4.0225764843580293e+18,nan,0,0
2025-07-21T12:37:49.309534,8.964106276285855e-42,-2.82183837890625,-0.22090627253055573,4.0225764843580293e+18,nan,0,0
2025-07-21T12:37:49.316543,8.986527051715052e-42,-2.23162841796875,-0.052598241716623306,3.5964761461762294e+19,nan,0,0
2025-07-21T12:37:49.323471,9.010349125608574e-42,-2.23162841796875,-0.052598241716623306,3.5964761461762294e+19,nan,0,0
2025-07-21T12:37:49.330742,9.032769901037771e-42,-2.23162841796875,-0.052598241716623306,3.5964761461762294e+19,nan,0,0
2025-07-21T12:37:49.337913,9.055190676466968e-42,-1.7236328125,-0.012119353748857975,4.487769474680289e+20,nan,0,0
2025-07-21T12:37:49.344997,9.077611451896165e-42,-1.7236328125,-0.012119353748857975,4.487769474680289e+20,nan,0,0
2025-07-21T12:37:49.351862,9.100032227325362e-42,-1.51983642578125,-0.0031906517688184977,1.4394297042610522e+22,nan,0,0
2025-07-21T12:37:49.360821,9.123854301218884e-42,-1.51983642578125,-0.0031906517688184977,1.4394297042610522e+22,nan,0,0
2025-07-21T12:37:49.373823,9.146275076648081e-42,-1.51983642578125,-0.0031906517688184977,1.4394297042610522e+22,nan,0,0
2025-07-21T12:37:49.382937,9.168695852077278e-42,-1.4351806640625,-0.0009568967507220805,1.3436896613666189e+23,nan,0,0
2025-07-21T12:37:49.390288,9.191116627506475e-42,-1.4351806640625,-0.0009568967507220805,1.3436896613666189e+23,nan,0,0
2025-07-21T12:37:49.397729,9.213537402935672e-42,-1.3026123046875,-0.0004285667382646352,1.731383728642268e+24,nan,0,0
2025-07-21T12:37:49.404616,9.237359476829194e-42,-1.3026123046875,-0.0004285667382646352,1.731383728642268e+24,nan,0,0
2025-07-21T12:37:49.411640,9.259780252258391e-42,-1.3026123046875,-0.0004285667382646352,1.731383728642268e+24,nan,0,0
2025-07-21T12:37:49.418659,9.282201027687588e-42,-1.063507080078125,-0.00010092976299347356,1.7576721836217114e+25,nan,0,0
2025-07-21T12:37:49.425825,9.304621803116785e-42,-1.063507080078125,-0.00010092976299347356,1.7576721836217114e+25,nan,0,0
2025-07-21T12:37:49.433407,9.327042578545982e-42,-0.8370513916015625,-2.399238474026788e-05,7.3468511705149685e+25,nan,0,0
2025-07-21T12:37:49.440747,9.350864652439504e-42,-0.8370513916015625,-2.399238474026788e-05,7.3468511705149685e+25,nan,0,0
2025-07-21T12:37:49.448165,9.373285427868701e-42,-0.567657470703125,-6.093323918321403e-06,2.2587196946727585e+26,nan,0,0
2025-07-21T12:37:49.455444,9.395706203297898e-42,-0.567657470703125,-6.093323918321403e-06,2.2587196946727585e+26,nan,0,0
2025-07-21T12:37:49.462587,9.418126978727096e-42,-0.567657470703125,-6.093323918321403e-06,2.2587196946727585e+26,nan,0,0
2025-07-21T12:37:49.469457,9.441949052620617e-42,-0.40541839599609375,-2.5160409222735325e-06,4.34308961879797e+26,nan,0,0
2025-07-21T12:37:49.476824,9.464369828049814e-42,-0.40541839599609375,-2.5160409222735325e-06,4.34308961879797e+26,nan,0,0
2025-07-21T12:37:49.483795,9.486790603479012e-42,-0.26313018798828125,-9.97599386209913e-07,9.955279812118535e+25,nan,0,0
2025-07-21T12:37:49.491024,9.509211378908209e-42,-0.26313018798828125,-9.97599386209913e-07,9.955279812118535e+25,nan,0,0
2025-07-21T12:37:49.498340,9.531632154337406e-42,-0.26313018798828125,-9.97599386209913e-07,9.955279812118535e+25,nan,0,0
2025-07-21T12:37:49.505910,9.555454228230928e-42,-0.17679977416992188,-4.525009273947944e-07,2.5372242094790476e+25,nan,0,0
2025-07-21T12:37:49.513616,9.577875003660125e-42,-0.17679977416992188,-4.525009273947944e-07,2.5372242094790476e+25,nan,0,0
2025-07-21T12:37:49.520994,9.600295779089322e-42,-0.11647224426269531,-3.544355706708302e-07,7.098786734909352e+24,nan,0,0
2025-07-21T12:37:49.528302,9.622716554518519e-42,-0.11647224426269531,-3.544355706708302e-07,7.098786734909352e+24,nan,0,0
2025-07-21T12:37:49.535435,9.645137329947716e-42,-0.08618354797363281,-3.63828831950741e-07,8.045224609727131e+23,nan,0,0
2025-07-21T12:37:49.542683,9.668959403841238e-42,-0.08618354797363281,-3.63828831950741e-07,8.045224609727131e+23,nan,0,0
2025-07-21T12:37:49.550002,9.691380179270435e-42,-0.08618354797363281,-3.63828831950741e-07,8.045224609727131e+23,nan,0,0
2025-07-21T12:37:49.557019,9.713800954699632e-42,-0.060439109802246094,-4.658159298287501e-07,4.621670318657283e+23,nan,0,0
2025-07-21T12:37:49.564236,9.736221730128829e-42,-0.060439109802246094,-4.658159298287501e-07,4.621670318657283e+23,nan,0,0
2025-07-21T12:37:49.571454,9.758642505558026e-42,-0.05088996887207031,-4.36537476389276e-07,1.215899841795996e+23,nan,0,0
2025-07-21T12:37:49.578405,9.782464579451548e-42,-0.05088996887207031,-4.36537476389276e-07,1.215899841795996e+23,nan,0,0
2025-07-21T12:37:49.585368,9.804885354880745e-42,-0.05088996887207031,-4.36537476389276e-07,1.215899841795996e+23,nan,0,0
2025-07-21T12:37:49.592641,9.827306130309942e-42,-0.043193817138671875,-2.78227190619873e-07,1.7079901586802606e+21,nan,0,0
2025-07-21T12:37:49.599704,9.849726905739139e-42,-0.043193817138671875,-2.78227190619873e-07,1.7079901586802606e+21,nan,0,0
2025-07-21T12:37:49.606939,9.873548979632661e-42,-0.033980369567871094,-2.051429106586511e-07,1.353423167392265e+19,nan,0,0
2025-07-21T12:37:49.614370,9.895969755061858e-42,-0.033980369567871094,-2.051429106586511e-07,1.353423167392265e+19,nan,0,0
2025-07-21T12:37:49.621499,9.918390530491055e-42,-0.028345108032226562,-2.0934477618084202e-07,6.145088024267981e+16,nan,0,0
2025-07-21T12:37:49.629021,9.940811305920252e-42,-0.028345108032226562,-2.0934477618084202e-07,6.145088024267981e+16,nan,0,0
2025-07-21T12:37:49.636329,9.96323208134945e-42,-0.028345108032226562,-2.0934477618084202e-07,6.145088024267981e+16,nan,0,0
2025-07-21T12:37:49.643493,9.987054155242971e-42,-0.023147106170654297,-2.055831060943092e-07,2136943798255616.0,nan,0,0
2025-07-21T12:37:49.650420,1.0009474930672168e-41,-0.023147106170654297,-2.055831060943092e-07,2136943798255616.0,nan,0,0
2025-07-21T12:37:49.657116,1.0031895706101365e-41,-0.016679763793945312,-1.0419763185609554e-07,467234459746304.0,nan,0,0
2025-07-21T12:37:49.664191,1.0054316481530562e-41,-0.016679763793945312,-1.0419763185609554e-07,467234459746304.0,nan,0,0
2025-07-21T12:37:49.671476,1.007673725695976e-41,-0.016679763793945312,-1.0419763185609554e-07,467234459746304.0,nan,0,0
2025-07-21T12:37:49.679205,1.0100559330853281e-41,-0.011874675750732422,-1.9036749066003722e-08,310012886908928.0,nan,0,0
2025-07-21T12:37:49.686377,1.0122980106282479e-41,-0.011874675750732422,-1.9036749066003722e-08,310012886908928.0,nan,0,0
2025-07-21T12:37:49.694019,1.0145400881711676e-41,-0.007064223289489746,-3.3728186910053637e-09,20889244532736.0,nan,0,0
2025-07-21T12:37:49.701407,1.0167821657140873e-41,-0.007064223289489746,-3.3728186910053637e-09,20889244532736.0,nan,0,0
2025-07-21T12:37:49.708909,1.019024243257007e-41,-0.0036346912384033203,-4.581810764126004e-10,301429948416.0,nan,0,0
2025-07-21T12:37:49.716308,1.0214064506463592e-41,-0.0036346912384033203,-4.581810764126004e-10,301429948416.0,nan,0,0
2025-07-21T12:37:49.723506,1.0236485281892789e-41,-0.0036346912384033203,-4.581810764126004e-10,301429948416.0,nan,0,0
2025-07-21T12:37:49.731013,1.0258906057321986e-41,-0.0017732977867126465,-1.0298118607865447e-10,7637336064.0,nan,0,0
2025-07-21T12:37:49.738479,1.0281326832751183e-41,-0.0017732977867126465,-1.0298118607865447e-10,7637336064.0,nan,0,0
2025-07-21T12:37:49.745881,1.0305148906644705e-41,-0.0008859336376190186,-4.526979138774756e-11,1970741248.0,nan,0,0
2025-07-21T12:37:49.753114,1.0327569682073902e-41,-0.0008859336376190186,-4.526979138774756e-11,1970741248.0,nan,0,0
2025-07-21T12:37:49.760226,1.0349990457503099e-41,-0.0008859336376190186,-4.526979138774756e-11,1970741248.0,nan,0,0
2025-07-21T12:37:49.767696,1.0372411232932296e-41,-0.0004756748676300049,-1.7997716164619426e-11,695095296.0,nan,0,0
2025-07-21T12:37:49.774853,1.0394832008361493e-41,-0.0004756748676300049,-1.7997716164619426e-11,695095296.0,nan,0,0
2025-07-21T12:37:49.782329,1.0418654082255015e-41,-0.0002892836928367615,-7.670809300253101e-12,590303232.0,nan,0,0
2025-07-21T12:37:49.789823,1.0441074857684212e-41,-0.0002892836928367615,-7.670809300253101e-12,590303232.0,nan,0,0
2025-07-21T12:37:49.797182,1.0463495633113409e-41,-0.0002892836928367615,-7.670809300253101e-12,590303232.0,nan,0,0
2025-07-21T12:37:49.804585,1.0485916408542606e-41,-0.00021063536405563354,-3.522751751763864e-12,487950336.0,nan,0,0
2025-07-21T12:37:49.811943,1.0508337183971803e-41,-0.00021063536405563354,-3.522751751763864e-12,487950336.0,nan,0,0
2025-07-21T12:37:49.819219,1.0532159257865325e-41,-0.0001585260033607483,-1.4774085817584326e-12,342280192.0,nan,0,0
2025-07-21T12:37:49.827043,1.0554580033294522e-41,-0.0001585260033607483,-1.4774085817584326e-12,342280192.0,nan,0,0
2025-07-21T12:37:49.834915,1.0577000808723719e-41,-0.00011046603322029114,-4.344112146826423e-13,259806208.0,nan,0,0
2025-07-21T12:37:49.842359,1.0599421584152916e-41,-0.00011046603322029114,-4.344112146826423e-13,259806208.0,nan,0,0
2025-07-21T12:37:49.849694,1.0623243658046438e-41,-0.00011046603322029114,-4.344112146826423e-13,259806208.0,nan,0,0
2025-07-21T12:37:49.856807,1.0645664433475635e-41,-7.439590990543365e-05,-1.0784472951165872e-13,84136448.0,nan,0,0
2025-07-21T12:37:49.864454,1.0668085208904832e-41,-7.439590990543365e-05,-1.0784472951165872e-13,84136448.0,nan,0,0
2025-07-21T12:37:49.871817,1.069050598433403e-41,-4.699360579252243e-05,-2.4720353327821638e-14,27612288.0,nan,0,0
2025-07-21T12:37:49.878952,1.0712926759763227e-41,-4.699360579252243e-05,-2.4720353327821638e-14,27612288.0,nan,0,0
2025-07-21T12:37:49.886114,1.0736748833656748e-41,-4.699360579252243e-05,-2.4720353327821638e-14,27612288.0,nan,0,0
2025-07-21T12:37:49.892904,1.0759169609085945e-41,-2.711499109864235e-05,-3.106632459216733e-15,32490112.0,nan,0,0
2025-07-21T12:37:49.900281,1.0781590384515143e-41,-2.711499109864235e-05,-3.106632459216733e-15,32490112.0,nan,0,0
2025-07-21T12:37:49.907694,1.080401115994434e-41,-1.500663347542286e-05,-2.3844488331954867e-16,192934912.0,nan,0,0
2025-07-21T12:37:49.914912,1.0826431935373537e-41,-1.500663347542286e-05,-2.3844488331954867e-16,192934912.0,nan,0,0
2025-07-21T12:37:49.922298,1.0850254009267059e-41,-8.763279765844345e-06,-2.101118330659618e-17,474916864.0,nan,0,0
2025-07-21T12:37:49.930182,1.0872674784696256e-41,-8.763279765844345e-06,-2.101118330659618e-17,474916864.0,nan,0,0
2025-07-21T12:37:49.937939,1.0895095560125453e-41,-8.763279765844345e-06,-2.101118330659618e-17,474916864.0,nan,0,0
2025-07-21T12:37:49.945266,1.091751633555465e-41,-4.676752723753452e-06,-1.5219925781604462e-18,822988800.0,nan,0,0
2025-07-21T12:37:49.952590,1.0939937110983847e-41,-4.676752723753452e-06,-1.5219925781604462e-18,822988800.0,nan,0,0
2025-07-21T12:37:49.959965,1.0963759184877369e-41,-2.685701474547386e-06,-1.1300694666985405e-19,3616686080.0,nan,0,0
2025-07-21T12:37:49.967586,1.0986179960306566e-41,-2.685701474547386e-06,-1.1300694666985405e-19,3616686080.0,nan,0,0
2025-07-21T12:37:49.975349,1.1008600735735763e-41,-2.685701474547386e-06,-1.1300694666985405e-19,3616686080.0,nan,0,0
2025-07-21T12:37:49.982706,1.103102151116496e-41,-1.7846759874373674e-06,-2.1921632016737766e-20,13360758784.0,nan,0,0
2025-07-21T12:37:49.989957,1.1054843585058482e-41,-1.7846759874373674e-06,-2.1921632016737766e-20,13360758784.0,nan,0,0
2025-07-21T12:37:49.997700,1.1077264360487679e-41,-1.2764940038323402e-06,-1.2161882257795879e-20,115868172288.0,nan,0,0
2025-07-21T12:37:50.005366,1.1099685135916876e-41,-1.2764940038323402e-06,-1.2161882257795879e-20,115868172288.0,nan,0,0
2025-07-21T12:37:50.013056,1.1122105911346073e-41,-8.718925528228283e-07,-1.2006785892942186e-20,2842815365120.0,nan,0,0
2025-07-21T12:37:50.020762,1.114452668677527e-41,-8.718925528228283e-07,-1.2006785892942186e-20,2842815365120.0,nan,0,0
2025-07-21T12:37:50.028559,1.1168348760668792e-41,-8.718925528228283e-07,-1.2006785892942186e-20,2842815365120.0,nan,0,0
2025-07-21T12:37:50.035796,1.1190769536097989e-41,-6.349582690745592e-07,-1.338735033529319e-20,260525199982592.0,nan,0,0
2025-07-21T12:37:50.043068,1.1213190311527186e-41,-6.349582690745592e-07,-1.338735033529319e-20,260525199982592.0,nan,0,0
2025-07-21T12:37:50.050215,1.1235611086956383e-41,-4.412358975969255e-07,-1.4387257407298513e-20,9812660241563648.0,nan,0,0
2025-07-21T12:37:50.057394,1.125803186238558e-41,-4.412358975969255e-07,-1.4387257407298513e-20,9812660241563648.0,nan,0,0
2025-07-21T12:37:50.064882,1.1281853936279102e-41,-4.412358975969255e-07,-1.4387257407298513e-20,9812660241563648.0,nan,0,0
2025-07-21T12:37:50.072115,1.1304274711708299e-41,-3.1986564863473177e-07,-1.2936743696604928e-20,7.809391287441818e+17,nan,0,0
2025-07-21T12:37:50.079353,1.1326695487137496e-41,-3.1986564863473177e-07,-1.2936743696604928e-20,7.809391287441818e+17,nan,0,0
2025-07-21T12:37:50.086358,1.1349116262566693e-41,-2.1944651962257922e-07,-1.4243327980714287e-20,1.3478429259789763e+20,nan,0,0
2025-07-21T12:37:50.093510,1.137153703799589e-41,-2.1944651962257922e-07,-1.4243327980714287e-20,1.3478429259789763e+20,nan,0,0
2025-07-21T12:37:50.101323,1.1395359111889412e-41,-2.1944651962257922e-07,-1.4243327980714287e-20,1.3478429259789763e+20,nan,0,0
2025-07-21T12:37:50.108498,1.141777988731861e-41,-1.6028934624046087e-07,-5.0924757257542e-20,1.5267233750374455e+26,nan,0,0
2025-07-21T12:37:50.115649,1.1440200662747807e-41,-1.6028934624046087e-07,-5.0924757257542e-20,1.5267233750374455e+26,nan,0,0
2025-07-21T12:37:50.122785,1.1462621438177004e-41,-1.1340125638525933e-07,-2.6304511500248205e-19,8.403123993250509e+36,nan,0,0
2025-07-21T12:37:50.129795,1.1486443512070526e-41,-1.1340125638525933e-07,-2.6304511500248205e-19,8.403123993250509e+36,nan,0,0
2025-07-21T12:37:50.137594,1.1508864287499723e-41,-1.0207804734818637e-07,-2.6154295501008575e-19,-2.1559154141256164e-33,nan,0,0
2025-07-21T12:37:50.144660,1.153128506292892e-41,-1.0207804734818637e-07,-2.6154295501008575e-19,-2.1559154141256164e-33,nan,0,0
2025-07-21T12:37:50.151931,1.1553705838358117e-41,-1.0207804734818637e-07,-2.6154295501008575e-19,-2.1559154141256164e-33,nan,0,0
2025-07-21T12:37:50.159069,1.1576126613787314e-41,-9.31540853343904e-08,-1.1163061668138098e-20,-5.51688025173568e-28,nan,0,0
2025-07-21T12:37:50.166430,1.1599948687680836e-41,-9.31540853343904e-08,-1.1163061668138098e-20,-5.51688025173568e-28,nan,0,0
2025-07-21T12:37:50.174252,1.1622369463110033e-41,-6.812297215219587e-08,-1.2242031989892174e-22,-2.3473774236088868e-23,nan,0,0
2025-07-21T12:37:50.181461,1.164479023853923e-41,-6.812297215219587e-08,-1.2242031989892174e-22,-2.3473774236088868e-23,nan,0,0
2025-07-21T12:37:50.188434,1.1667211013968427e-41,-6.812297215219587e-08,-1.2242031989892174e-22,-2.3473774236088868e-23,nan,0,0
2025-07-21T12:37:50.195976,1.1689631789397624e-41,-4.590492608258501e-08,-7.1690737363779945e-25,-1.6499358088288967e-19,nan,0,0
2025-07-21T12:37:50.202962,1.1713453863291146e-41,-4.590492608258501e-08,-7.1690737363779945e-25,-1.6499358088288967e-19,nan,0,0
2025-07-21T12:37:50.210675,1.1735874638720343e-41,-3.298282535979524e-08,-8.283286794225483e-27,-1.2315520239898625e-15,nan,0,0
2025-07-21T12:37:50.217926,1.175829541414954e-41,-3.298282535979524e-08,-8.283286794225483e-27,-1.2315520239898625e-15,nan,0,0
2025-07-21T12:37:50.225166,1.1780716189578737e-41,-3.175591700710356e-08,-2.6494789540754308e-28,-1.6921811174519519e-12,nan,0,0
2025-07-21T12:37:50.232408,1.1803136965007934e-41,-3.175591700710356e-08,-2.6494789540754308e-28,-1.6921811174519519e-12,nan,0,0
2025-07-21T12:37:50.239395,1.1826959038901456e-41,-3.175591700710356e-08,-2.6494789540754308e-28,-1.6921811174519519e-12,nan,0,0
2025-07-21T12:37:50.246679,1.1849379814330653e-41,-3.715922503033653e-08,-8.072921149741084e-29,-2.304902935179598e-10,nan,0,0
2025-07-21T12:37:50.253808,1.187180058975985e-41,-3.715922503033653e-08,-8.072921149741084e-29,-2.304902935179598e-10,nan,0,0
2025-07-21T12:37:50.261077,1.1894221365189047e-41,-3.5172888601664454e-08,-8.352103954479458e-29,-8.07614242148702e-09,nan,0,0
2025-07-21T12:37:50.268047,1.191804343908257e-41,-3.5172888601664454e-08,-8.352103954479458e-29,-8.07614242148702e-09,nan,0,0
2025-07-21T12:37:50.275249,1.1940464214511766e-41,-3.5172888601664454e-08,-8.352103954479458e-29,-8.07614242148702e-09,nan,0,0
2025-07-21T12:37:50.282907,1.1962884989940963e-41,-2.8445356292650104e-08,-2.6042427115416634e-28,-2.932793563559244e-09,nan,0,0
2025-07-21T12:37:50.291688,1.198530576537016e-41,-2.8445356292650104e-08,-2.6042427115416634e-28,-2.932793563559244e-09,nan,0,0
2025-07-21T12:37:50.298722,1.2007726540799357e-41,-2.2966560209169984e-08,-1.747240815996027e-27,-1.3812684329650438e-10,nan,0,0
2025-07-21T12:37:50.305646,1.203154861469288e-41,-2.2966560209169984e-08,-1.747240815996027e-27,-1.3812684329650438e-10,nan,0,0
2025-07-21T12:37:50.312687,1.2053969390122076e-41,-1.7250840755878016e-08,-1.5301240696476464e-26,-1.3289994105214475e-12,nan,0,0
2025-07-21T12:37:50.320240,1.2076390165551274e-41,-1.7250840755878016e-08,-1.5301240696476464e-26,-1.3289994105214475e-12,nan,0,0
2025-07-21T12:37:50.327214,1.209881094098047e-41,-1.7250840755878016e-08,-1.5301240696476464e-26,-1.3289994105214475e-12,nan,0,0
2025-07-21T12:37:50.334431,1.2121231716409668e-41,-1.2988493836019188e-08,-1.340598234201156e-25,-2.2747239205103686e-15,nan,0,0
2025-07-21T12:37:50.341430,1.214505379030319e-41,-1.2988493836019188e-08,-1.340598234201156e-25,-2.2747239205103686e-15,nan,0,0
2025-07-21T12:37:50.348312,1.2167474565732387e-41,-9.837549441726878e-09,-1.5973677010332608e-24,-5.1064547549889196e-20,nan,0,0
2025-07-21T12:37:50.355605,1.2189895341161584e-41,-9.837549441726878e-09,-1.5973677010332608e-24,-5.1064547549889196e-20,nan,0,0
2025-07-21T12:37:50.362922,1.221231611659078e-41,-9.837549441726878e-09,-1.5973677010332608e-24,-5.1064547549889196e-20,nan,0,0
2025-07-21T12:37:50.370016,1.2234736892019978e-41,-5.588617568719201e-09,-1.1300073535579119e-23,-7.586284273259987e-28,nan,0,0
2025-07-21T12:37:50.376876,1.22585589659135e-41,-5.588617568719201e-09,-1.1300073535579119e-23,-7.586284273259987e-28,nan,0,0
2025-07-21T12:37:50.383996,1.2280979741342697e-41,-3.1132003641687334e-09,-5.747976925730278e-23,-4.441844176872024e-35,nan,0,0
2025-07-21T12:37:50.391057,1.2303400516771894e-41,-3.1132003641687334e-09,-5.747976925730278e-23,-4.441844176872024e-35,nan,0,0
2025-07-21T12:37:50.398598,1.232582129220109e-41,-3.1948275136528537e-09,-1.971347624929204e-22,2.0885831096400936e+33,nan,0,0
2025-07-21T12:37:50.405553,1.2349643366094613e-41,-3.1948275136528537e-09,-1.971347624929204e-22,2.0885831096400936e+33,nan,0,0
2025-07-21T12:37:50.412296,1.237206414152381e-41,-3.1948275136528537e-09,-1.971347624929204e-22,2.0885831096400936e+33,nan,0,0
2025-07-21T12:37:50.419104,1.2394484916953007e-41,-6.462073542934377e-09,-3.7859066205908354e-23,9.292604973206417e+22,nan,0,0
2025-07-21T12:37:50.426028,1.2416905692382204e-41,-6.462073542934377e-09,-3.7859066205908354e-23,9.292604973206417e+22,nan,0,0
2025-07-21T12:37:50.433021,1.24393264678114e-41,-1.2137206795159727e-08,-1.943763525656341e-23,1.9176467950831927e+19,nan,0,0
2025-07-21T12:37:50.440603,1.2463148541704923e-41,-1.2137206795159727e-08,-1.943763525656341e-23,1.9176467950831927e+19,nan,0,0
2025-07-21T12:37:50.447610,1.248556931713412e-41,-1.2137206795159727e-08,-1.943763525656341e-23,1.9176467950831927e+19,nan,0,0
2025-07-21T12:37:50.454918,1.2507990092563317e-41,-2.8394879336701706e-08,-8.340532673669263e-25,2.876995869134029e+16,nan,0,0
2025-07-21T12:37:50.462198,1.2530410867992514e-41,-2.8394879336701706e-08,-8.340532673669263e-25,2.876995869134029e+16,nan,0,0
2025-07-21T12:37:50.469638,1.2552831643421711e-41,-5.357105692382902e-08,-2.6724441182886433e-26,115541599584256.0,nan,0,0
2025-07-21T12:37:50.477135,1.2576653717315233e-41,-5.357105692382902e-08,-2.6724441182886433e-26,115541599584256.0,nan,0,0
2025-07-21T12:37:50.484962,1.259907449274443e-41,-5.357105692382902e-08,-2.6724441182886433e-26,115541599584256.0,nan,0,0
2025-07-21T12:37:50.492110,1.2621495268173627e-41,-9.066752681974322e-08,-2.859731907583959e-27,5.955174878360371e+17,nan,0,0
2025-07-21T12:37:50.499751,1.2643916043602824e-41,-9.066752681974322e-08,-2.859731907583959e-27,5.955174878360371e+17,nan,0,0
2025-07-21T12:37:50.507465,1.2666336819032022e-41,-2.2562380763702095e-07,-1.621023071160665e-27,7.822752552742552e+21,nan,0,0
2025-07-21T12:37:50.514944,1.2690158892925543e-41,-2.2562380763702095e-07,-1.621023071160665e-27,7.822752552742552e+21,nan,0,0
2025-07-21T12:37:50.522138,1.271257966835474e-41,-8.062343113124371e-07,-8.151214414952179e-28,1.0671462106994338e+27,nan,0,0
2025-07-21T12:37:50.535120,1.2735000443783938e-41,-8.062343113124371e-07,-8.151214414952179e-28,1.0671462106994338e+27,nan,0,0
2025-07-21T12:37:50.545527,1.2757421219213135e-41,-8.062343113124371e-07,-8.151214414952179e-28,1.0671462106994338e+27,nan,0,0
2025-07-21T12:37:50.553519,1.2781243293106657e-41,-4.992354661226273e-06,-3.8744177194062995e-30,1.955186256274014e+35,nan,0,0
2025-07-21T12:37:50.560454,1.2803664068535854e-41,-4.992354661226273e-06,-3.8744177194062995e-30,1.955186256274014e+35,nan,0,0
2025-07-21T12:37:50.567802,1.282608484396505e-41,-5.8904290199279785e-05,-1.484373215751602e-33,5.859279841868992e+37,nan,0,0
2025-07-21T12:37:50.575022,1.2848505619394248e-41,-5.8904290199279785e-05,-1.484373215751602e-33,5.859279841868992e+37,nan,0,0
2025-07-21T12:37:50.582107,1.2870926394823445e-41,-5.8904290199279785e-05,-1.484373215751602e-33,5.859279841868992e+37,nan,0,0
2025-07-21T12:37:50.588851,1.2894748468716967e-41,-0.00018560513854026794,-5.841950358169378e-35,1.6076942513443492e+26,nan,0,0
2025-07-21T12:37:50.596213,1.2917169244146164e-41,-0.00018560513854026794,-5.841950358169378e-35,1.6076942513443492e+26,nan,0,0
2025-07-21T12:37:50.615666,1.6815581571897805e-43,-0.00014996156096458435,-2.757333882710411e-32,1457109598208.0,nan,0,0
2025-07-21T12:37:50.623687,1.8497139729087585e-43,-0.00014996156096458435,-2.757333882710411e-32,1457109598208.0,nan,0,0
2025-07-21T12:37:50.630909,2.0879347118439774e-43,-0.00014996156096458435,-2.757333882710411e-32,1457109598208.0,nan,0,0
2025-07-21T12:37:50.638531,2.312142466135948e-43,-0.00020337849855422974,-2.8089982906169326e-27,0.02960216999053955,nan,0,0
2025-07-21T12:37:50.645578,2.536350220427919e-43,-0.00020337849855422974,-2.8089982906169326e-27,0.02960216999053955,nan,0,0
2025-07-21T12:37:50.652977,2.7605579747198896e-43,-0.0009401142597198486,-4.186778154046907e-22,1.0707337794180205e-12,nan,0,0
2025-07-21T12:37:50.660462,2.9847657290118604e-43,-0.0009401142597198486,-4.186778154046907e-22,1.0707337794180205e-12,nan,0,0
2025-07-21T12:37:50.668338,3.2229864679470793e-43,-0.007436275482177734,-2.441589272566713e-19,3.405221340472547e-19,nan,0,0
2025-07-21T12:37:50.676169,3.44719422223905e-43,-0.007436275482177734,-2.441589272566713e-19,3.405221340472547e-19,nan,0,0
2025-07-21T12:37:50.684342,3.671401976531021e-43,-0.007436275482177734,-2.441589272566713e-19,3.405221340472547e-19,nan,0,0
2025-07-21T12:37:50.692592,3.8956097308229915e-43,-0.037209510803222656,-3.0173484103125517e-15,1.7388645101443095e-22,nan,0,0
2025-07-21T12:37:50.700718,4.13383046975821e-43,-0.037209510803222656,-3.0173484103125517e-15,1.7388645101443095e-22,nan,0,0
2025-07-21T12:37:50.708587,4.358038224050181e-43,-0.17074966430664062,-5.987460961059954e-12,9.107589739571283e-23,nan,0,0
2025-07-21T12:37:50.715881,4.582245978342152e-43,-0.17074966430664062,-5.987460961059954e-12,9.107589739571283e-23,nan,0,0
2025-07-21T12:37:50.723277,4.8064537326341226e-43,-0.17074966430664062,-5.987460961059954e-12,9.107589739571283e-23,nan,0,0
2025-07-21T12:37:50.730760,5.030661486926093e-43,-0.4951171875,-3.389871716663606e-09,1.234304881068439e-16,nan,0,0
2025-07-21T12:37:50.738323,5.268882225861312e-43,-0.4951171875,-3.389871716663606e-09,1.234304881068439e-16,nan,0,0
2025-07-21T12:37:50.745234,5.493089980153283e-43,-0.9793701171875,-1.4732723911947687e-06,4.670278030971531e-08,nan,0,0
2025-07-21T12:37:50.752160,5.717297734445254e-43,-0.9793701171875,-1.4732723911947687e-06,4.670278030971531e-08,nan,0,0
2025-07-21T12:37:50.759417,5.941505488737224e-43,-1.295166015625,-0.0008572079823352396,63.085205078125,nan,0,0
2025-07-21T12:37:50.766892,6.165713243029195e-43,-1.295166015625,-0.0008572079823352396,63.085205078125,nan,0,0
2025-07-21T12:37:50.774186,6.403933981964414e-43,-1.295166015625,-0.0008572079823352396,63.085205078125,nan,0,0
2025-07-21T12:37:50.781093,6.628141736256385e-43,-0.8974456787109375,-29.789186477661133,1748362067968.0,nan,0,0
2025-07-21T12:37:50.788289,6.8523494905483555e-43,-0.8974456787109375,-29.789186477661133,1748362067968.0,nan,0,0
2025-07-21T12:37:50.795899,7.076557244840326e-43,-0.4578094482421875,-23314562.0,7.253288592820211e+22,nan,0,0
2025-07-21T12:37:50.802852,7.300764999132297e-43,-0.4578094482421875,-23314562.0,7.253288592820211e+22,nan,0,0
2025-07-21T12:37:50.810316,7.538985738067516e-43,-0.4578094482421875,-23314562.0,7.253288592820211e+22,nan,0,0
2025-07-21T12:37:50.817649,7.763193492359487e-43,-0.33126068115234375,-48974710964224.0,8.17029333985599e+34,nan,0,0
2025-07-21T12:37:50.825021,7.987401246651457e-43,-0.33126068115234375,-48974710964224.0,8.17029333985599e+34,nan,0,0
2025-07-21T12:37:50.832420,8.211609000943428e-43,-0.2429656982421875,-1.2074222069236105e+19,-3.301026909398994e-35,nan,0,0
2025-07-21T12:37:50.839852,8.449829739878647e-43,-0.2429656982421875,-1.2074222069236105e+19,-3.301026909398994e-35,nan,0,0
2025-07-21T12:37:50.847283,8.674037494170618e-43,-0.2429656982421875,-1.2074222069236105e+19,-3.301026909398994e-35,nan,0,0
2025-07-21T12:37:50.854330,8.898245248462588e-43,-0.13431167602539062,-3.5034290531969804e+23,-1.5022022454627113e-28,nan,0,0
2025-07-21T12:37:50.861300,9.122453002754559e-43,-0.13431167602539062,-3.5034290531969804e+23,-1.5022022454627113e-28,nan,0,0
2025-07-21T12:37:50.869415,9.34666075704653e-43,-0.08434486389160156,-6.01081754435161e+27,-1.5802057756603835e-21,nan,0,0
2025-07-21T12:37:50.877150,9.584881495981749e-43,-0.08434486389160156,-6.01081754435161e+27,-1.5802057756603835e-21,nan,0,0
2025-07-21T12:37:50.884594,9.80908925027372e-43,-0.08514404296875,-1.1856062208386564e+32,-3.022877629633991e-15,nan,0,0
2025-07-21T12:37:50.891803,1.003329700456569e-42,-0.08514404296875,-1.1856062208386564e+32,-3.022877629633991e-15,nan,0,0
2025-07-21T12:37:50.899067,1.0257504758857661e-42,-0.08514404296875,-1.1856062208386564e+32,-3.022877629633991e-15,nan,0,0
2025-07-21T12:37:50.906546,1.0481712513149632e-42,-0.06425857543945312,-3.2308486063660923e+35,-9.654366195377406e-11,nan,0,0
2025-07-21T12:37:50.914416,1.071993325208485e-42,-0.06425857543945312,-3.2308486063660923e+35,-9.654366195377406e-11,nan,0,0
2025-07-21T12:37:50.921991,1.0944141006376821e-42,-0.04965972900390625,-1.9870028919240825e+37,-1.5919522411422804e-07,nan,0,0
2025-07-21T12:37:50.929770,1.1168348760668792e-42,-0.04965972900390625,-1.9870028919240825e+37,-1.5919522411422804e-07,nan,0,0
2025-07-21T12:37:50.937649,1.1392556514960763e-42,-0.04965972900390625,-1.9870028919240825e+37,-1.5919522411422804e-07,nan,0,0
2025-07-21T12:37:50.945628,1.1616764269252734e-42,-0.033486366271972656,-3.1118605368233353e+38,-0.002892032265663147,nan,0,0
2025-07-21T12:37:50.953572,1.1854985008187952e-42,-0.033486366271972656,-3.1118605368233353e+38,-0.002892032265663147,nan,0,0
2025-07-21T12:37:50.963514,1.2079192762479923e-42,-0.017900943756103516,5.075669512042049e-38,-21.597780227661133,nan,0,0
2025-07-21T12:37:50.973314,1.2303400516771894e-42,-0.017900943756103516,5.075669512042049e-38,-21.597780227661133,nan,0,0
2025-07-21T12:37:50.982085,1.2527608271063865e-42,-0.006463527679443359,5.557683785749291e-37,-1042100.0625,nan,0,0
2025-07-21T12:37:50.989783,1.2765829009999084e-42,-0.006463527679443359,5.557683785749291e-37,-1042100.0625,nan,0,0
2025-07-21T12:37:50.998129,1.2990036764291054e-42,-0.006463527679443359,5.557683785749291e-37,-1042100.0625,nan,0,0
2025-07-21T12:37:51.006294,1.3214244518583025e-42,-0.0023394227027893066,2.1080954731099114e-36,-11114447872.0,nan,0,0
2025-07-21T12:37:51.014474,1.3438452272874996e-42,-0.0023394227027893066,2.1080954731099114e-36,-11114447872.0,nan,0,0
2025-07-21T12:37:51.022043,1.3662660027166966e-42,-0.000890776515007019,4.256494890863754e-34,-7799560470528.0,nan,0,0
2025-07-21T12:37:51.030028,1.3900880766102185e-42,-0.000890776515007019,4.256494890863754e-34,-7799560470528.0,nan,0,0
2025-07-21T12:37:51.037234,1.4125088520394156e-42,-0.000890776515007019,4.256494890863754e-34,-7799560470528.0,nan,0,0
2025-07-21T12:37:51.044715,1.4349296274686127e-42,-0.0003909170627593994,9.920526269244895e-31,-229232085041152.0,nan,0,0
2025-07-21T12:37:51.051970,1.4573504028978098e-42,-0.0003909170627593994,9.920526269244895e-31,-229232085041152.0,nan,0,0
2025-07-21T12:37:51.059479,1.4797711783270068e-42,-0.00019561871886253357,8.041698142001548e-27,-3063119404335104.0,nan,0,0
2025-07-21T12:37:51.066798,1.5035932522205287e-42,-0.00019561871886253357,8.041698142001548e-27,-3063119404335104.0,nan,0,0
2025-07-21T12:37:51.075005,1.5260140276497258e-42,-9.633228182792664e-05,6.424261699977734e-23,-1.6809128680751104e+16,nan,0,0
2025-07-21T12:37:51.082908,1.548434803078923e-42,-9.633228182792664e-05,6.424261699977734e-23,-1.6809128680751104e+16,nan,0,0
2025-07-21T12:37:51.090945,1.57085557850812e-42,-9.633228182792664e-05,6.424261699977734e-23,-1.6809128680751104e+16,nan,0,0
2025-07-21T12:37:51.098988,1.593276353937317e-42,-9.919889271259308e-05,3.363089219089585e-20,-3283159168843776.0,nan,0,0
2025-07-21T12:37:51.106612,1.617098427830839e-42,-9.919889271259308e-05,3.363089219089585e-20,-3283159168843776.0,nan,0,0
2025-07-21T12:37:51.114126,1.639519203260036e-42,-0.00011198222637176514,9.26895514860621e-17,-66474555211776.0,nan,0,0
2025-07-21T12:37:51.121746,1.661939978689233e-42,-0.00011198222637176514,9.26895514860621e-17,-66474555211776.0,nan,0,0
2025-07-21T12:37:51.129106,1.68436075411843e-42,-0.00011198222637176514,9.26895514860621e-17,-66474555211776.0,nan,0,0
2025-07-21T12:37:51.137341,1.708182828011952e-42,-0.00015076249837875366,7.421711492984831e-14,-3185741922304.0,nan,0,0
2025-07-21T12:37:51.145079,1.730603603441149e-42,-0.00015076249837875366,7.421711492984831e-14,-3185741922304.0,nan,0,0
2025-07-21T12:37:51.152484,1.753024378870346e-42,-0.00023635849356651306,3.2550188239222066e-11,-351786795008.0,nan,0,0
2025-07-21T12:37:51.159895,1.7754451542995432e-42,-0.00023635849356651306,3.2550188239222066e-11,-351786795008.0,nan,0,0
2025-07-21T12:37:51.169132,1.7978659297287403e-42,-0.0004549100995063782,2.5493706701240626e-08,-491557781504.0,nan,0,0
2025-07-21T12:37:51.177017,1.8216880036222622e-42,-0.0004549100995063782,2.5493706701240626e-08,-491557781504.0,nan,0,0
2025-07-21T12:37:51.184939,1.8441087790514593e-42,-0.0004549100995063782,2.5493706701240626e-08,-491557781504.0,nan,0,0
2025-07-21T12:37:51.193877,1.8665295544806563e-42,-0.0014456212520599365,5.673640771419741e-05,-36376498143232.0,nan,0,0
2025-07-21T12:37:51.201869,1.8889503299098534e-42,-0.0014456212520599365,5.673640771419741e-05,-36376498143232.0,nan,0,0
2025-07-21T12:37:51.210023,1.9113711053390505e-42,-0.007103562355041504,0.06052232161164284,-2.746648980409549e+16,nan,0,0
2025-07-21T12:37:51.218299,1.9351931792325724e-42,-0.007103562355041504,0.06052232161164284,-2.746648980409549e+16,nan,0,0
2025-07-21T12:37:51.226379,1.9576139546617694e-42,-0.007103562355041504,0.06052232161164284,-2.746648980409549e+16,nan,0,0
2025-07-21T12:37:51.233950,1.9800347300909665e-42,-0.019814491271972656,204.94239807128906,-1.6235917835711283e+18,nan,0,0
2025-07-21T12:37:51.241231,2.0024555055201636e-42,-0.019814491271972656,204.94239807128906,-1.6235917835711283e+18,nan,0,0
2025-07-21T12:37:51.248223,2.0248762809493607e-42,-0.029893875122070312,1439848.125,-7.920087479298399e+19,nan,0,0
2025-07-21T12:37:51.255485,2.0486983548428826e-42,-0.029893875122070312,1439848.125,-7.920087479298399e+19,nan,0,0
2025-07-21T12:37:51.262877,2.0711191302720796e-42,-0.029893875122070312,1439848.125,-7.920087479298399e+19,nan,0,0
2025-07-21T12:37:51.270252,2.0935399057012767e-42,-0.027730941772460938,143567896576.0,-9.266832476946343e+20,nan,0,0
2025-07-21T12:37:51.277627,2.1159606811304738e-42,-0.027730941772460938,143567896576.0,-9.266832476946343e+20,nan,0,0
2025-07-21T12:37:51.285153,2.1397827550239957e-42,-0.014538049697875977,2.7739718443597824e+16,-1.7442105346052483e+20,nan,0,0
2025-07-21T12:37:51.292442,2.1622035304531927e-42,-0.014538049697875977,2.7739718443597824e+16,-1.7442105346052483e+20,nan,0,0
2025-07-21T12:37:51.300036,2.1846243058823898e-42,-0.00624692440032959,8.351079395178593e+21,-1.369384695229317e+18,nan,0,0
2025-07-21T12:37:51.308497,2.207045081311587e-42,-0.00624692440032959,8.351079395178593e+21,-1.369384695229317e+18,nan,0,0
2025-07-21T12:37:51.315644,2.229465856740784e-42,-0.00624692440032959,8.351079395178593e+21,-1.369384695229317e+18,nan,0,0
2025-07-21T12:37:51.322817,2.253287930634306e-42,-0.0005981475114822388,6.474742827628724e+27,-8298179330048.0,nan,0,0
2025-07-21T12:37:51.330354,2.275708706063503e-42,-0.0005981475114822388,6.474742827628724e+27,-8298179330048.0,nan,0,0
2025-07-21T12:37:51.338013,2.2981294814927e-42,-4.328601062297821e-05,1.4597889525881396e+33,-45879.25390625,nan,0,0
2025-07-21T12:37:51.345637,2.320550256921897e-42,-4.328601062297821e-05,1.4597889525881396e+33,-45879.25390625,nan,0,0
2025-07-21T12:37:51.352792,2.342971032351094e-42,-4.328601062297821e-05,1.4597889525881396e+33,-45879.25390625,nan,0,0
2025-07-21T12:37:51.360300,2.366793106244616e-42,-1.0241055861115456e-06,3.663376624286319e+37,-1.7493634318910267e-09,nan,0,0
2025-07-21T12:37:51.367741,2.389213881673813e-42,-1.0241055861115456e-06,3.663376624286319e+37,-1.7493634318910267e-09,nan,0,0
2025-07-21T12:37:51.375021,2.4116346571030102e-42,-7.591097528347746e-09,-3.3558881366408807e-38,-2.0150111992927035e-25,nan,0,0
2025-07-21T12:37:51.382138,2.4340554325322073e-42,-7.591097528347746e-09,-3.3558881366408807e-38,-2.0150111992927035e-25,nan,0,0
2025-07-21T12:37:51.389044,2.4564762079614043e-42,-3.162892170394116e-11,-2.3374001422802015e-37,9.414943212224703e+35,nan,0,0
2025-07-21T12:37:51.396090,2.4802982818549262e-42,-3.162892170394116e-11,-2.3374001422802015e-37,9.414943212224703e+35,nan,0,0
2025-07-21T12:37:51.403067,2.5027190572841233e-42,-3.162892170394116e-11,-2.3374001422802015e-37,9.414943212224703e+35,nan,0,0
2025-07-21T12:37:51.410923,2.5251398327133204e-42,-4.222802663100822e-13,7.63952201502413e+30,8459374821376.0,nan,0,0
2025-07-21T12:37:51.418266,2.5475606081425174e-42,-4.222802663100822e-13,7.63952201502413e+30,8459374821376.0,nan,0,0
2025-07-21T12:37:51.426339,2.5713826820360393e-42,-2.3408467005048283e-15,2.2079486244015117e+23,1.3243744228084133e-21,nan,0,0
2025-07-21T12:37:51.434064,2.5938034574652364e-42,-2.3408467005048283e-15,2.2079486244015117e+23,1.3243744228084133e-21,nan,0,0
2025-07-21T12:37:51.441010,2.6162242328944335e-42,-2.3408467005048283e-15,2.2079486244015117e+23,1.3243744228084133e-21,nan,0,0
2025-07-21T12:37:51.448132,2.6386450083236305e-42,-4.952635523913784e-15,4.0620854963827166e+27,2.2889417388499806e-27,nan,0,0
2025-07-21T12:37:51.455278,2.6610657837528276e-42,-4.952635523913784e-15,4.0620854963827166e+27,2.2889417388499806e-27,nan,0,0
2025-07-21T12:37:51.462591,2.6848878576463495e-42,-1.5584755708175635e-13,8.678202216133076e+29,6.677747622038708e-26,nan,0,0
2025-07-21T12:37:51.469714,2.7073086330755466e-42,-1.5584755708175635e-13,8.678202216133076e+29,6.677747622038708e-26,nan,0,0
2025-07-21T12:37:51.476853,2.7297294085047437e-42,-3.965827666263522e-12,2.4690592223824292e+32,2.274199900683663e-27,nan,0,0
2025-07-21T12:37:51.485125,2.7521501839339407e-42,-3.965827666263522e-12,2.4690592223824292e+32,2.274199900683663e-27,nan,0,0
2025-07-21T12:37:51.492483,2.7745709593631378e-42,-3.965827666263522e-12,2.4690592223824292e+32,2.274199900683663e-27,nan,0,0
2025-07-21T12:37:51.499937,2.7983930332566597e-42,-4.898748073856041e-12,8.935867770385094e+33,2.8091525481456872e-34,nan,0,0
2025-07-21T12:37:51.517207,2.8208138086858568e-42,-4.898748073856041e-12,8.935867770385094e+33,2.8091525481456872e-34,nan,0,0
2025-07-21T12:37:51.525931,2.8432345841150538e-42,-1.230726631717971e-11,2.341747047022119e+34,-1.2299012870478528e+31,nan,0,0
2025-07-21T12:37:51.533206,2.865655359544251e-42,-1.230726631717971e-11,2.341747047022119e+34,-1.2299012870478528e+31,nan,0,0
2025-07-21T12:37:51.540648,2.889477433437773e-42,-1.230726631717971e-11,2.341747047022119e+34,-1.2299012870478528e+31,nan,0,0
2025-07-21T12:37:51.548052,2.91189820886697e-42,-5.093525601296278e-11,1.3050167371165242e+33,-7.076485654341905e+27,nan,0,0
2025-07-21T12:37:51.555170,2.934318984296167e-42,-5.093525601296278e-11,1.3050167371165242e+33,-7.076485654341905e+27,nan,0,0
2025-07-21T12:37:51.562341,2.956739759725364e-42,-8.974296861197217e-10,2.615844916047628e+31,1.677660170856762e-35,nan,0,0
2025-07-21T12:37:51.569867,2.979160535154561e-42,-8.974296861197217e-10,2.615844916047628e+31,1.677660170856762e-35,nan,0,0
2025-07-21T12:37:51.577216,3.002982609048083e-42,-8.974296861197217e-10,2.615844916047628e+31,1.677660170856762e-35,nan,0,0
2025-07-21T12:37:51.584185,3.02540338447728e-42,-7.614517016918398e-09,8.967764128447172e+29,3.0792848879044414e-28,nan,0,0
2025-07-21T12:37:51.591229,3.047824159906477e-42,-7.614517016918398e-09,8.967764128447172e+29,3.0792848879044414e-28,nan,0,0
2025-07-21T12:37:51.598586,3.070244935335674e-42,-3.575860318960622e-08,7.948506869566541e+28,2.3216493562738276e-23,nan,0,0
2025-07-21T12:37:51.605766,3.092665710764871e-42,-3.575860318960622e-08,7.948506869566541e+28,2.3216493562738276e-23,nan,0,0
